"","transcript_id","language","date","filename","corpus_id","target_child_id","target_child_age","target_child_name","target_child_sex","collection_id","collection_name","pid","corpus_name"
"1",9573,"eng","2002-01-28","Gillam/LangImpaired/10f/10y41702il-l.xml",83,5482,122.002505184911,NA,"female",4,"Clinical-MOR","11312/c-00033690-1","Gillam"
"2",9574,"eng","2002-12-02","Gillam/LangImpaired/10f/10y54459pa-l.xml",83,5482,130.002669459332,NA,"female",4,"Clinical-MOR","11312/c-00033691-1","Gillam"
"3",9575,"eng","2002-11-14","Gillam/LangImpaired/10f/10y54498pa-l.xml",83,5482,130.002669459332,NA,"female",4,"Clinical-MOR","11312/c-00033692-1","Gillam"
"4",9576,"eng","2002-12-03","Gillam/LangImpaired/10f/10y54833ma-l.xml",83,5482,121.002484650609,NA,"female",4,"Clinical-MOR","11312/c-00033693-1","Gillam"
"5",9577,"eng","2002-11-05","Gillam/LangImpaired/10f/10y54942co-l.xml",83,5482,128.002628390727,NA,"female",4,"Clinical-MOR","11312/c-00033694-1","Gillam"
"6",9578,"eng","2002-12-02","Gillam/LangImpaired/10f/10y55638co-l.xml",83,5482,126.002587322122,NA,"female",4,"Clinical-MOR","11312/c-00033695-1","Gillam"
"7",9579,"eng","2002-11-12","Gillam/LangImpaired/10f/10y55713tx-l.xml",83,5482,126.002587322122,NA,"female",4,"Clinical-MOR","11312/c-00033696-1","Gillam"
"8",9580,"eng","2002-11-01","Gillam/LangImpaired/10f/10y55718tx-l.xml",83,5482,120.002464116306,NA,"female",4,"Clinical-MOR","11312/c-00033697-1","Gillam"
"9",9581,"eng","2002-03-20","Gillam/LangImpaired/10m/10y46768nj-l.xml",83,5482,120.002464116306,NA,"female",4,"Clinical-MOR","11312/c-00033698-1","Gillam"
"10",9582,"eng","2002-04-12","Gillam/LangImpaired/10m/10y48557va-l.xml",83,5482,125.002566787819,NA,"female",4,"Clinical-MOR","11312/c-00033699-1","Gillam"
"11",9583,"eng","2002-12-02","Gillam/LangImpaired/10m/10y54458pa-l.xml",83,5482,121.002484650609,NA,"female",4,"Clinical-MOR","11312/c-00033700-1","Gillam"
"12",9584,"eng","2002-11-14","Gillam/LangImpaired/10m/10y54500pa-l.xml",83,5482,121.002484650609,NA,"female",4,"Clinical-MOR","11312/c-00033701-1","Gillam"
"13",9585,"eng","2002-03-20","Gillam/LangImpaired/10m/10y54503pa-l.xml",83,5482,120.002464116306,NA,"female",4,"Clinical-MOR","11312/c-00033702-1","Gillam"
"14",9586,"eng","2002-11-07","Gillam/LangImpaired/10m/10y54506pa-l.xml",83,5482,123.002525719214,NA,"female",4,"Clinical-MOR","11312/c-00033703-1","Gillam"
"15",9587,"eng","2002-11-19","Gillam/LangImpaired/10m/10y54937co-l.xml",83,5482,129.002648925029,NA,"female",4,"Clinical-MOR","11312/c-00033704-1","Gillam"
"16",9588,"eng","2002-10-22","Gillam/LangImpaired/10m/10y55640co-l.xml",83,5482,122.002505184911,NA,"female",4,"Clinical-MOR","11312/c-00033705-1","Gillam"
"17",9589,"eng","2002-12-06","Gillam/LangImpaired/10m/10y55642co-l.xml",83,5482,122.002505184911,NA,"female",4,"Clinical-MOR","11312/c-00033706-1","Gillam"
"18",9590,"eng","2002-11-14","Gillam/LangImpaired/10m/10y55645co-l.xml",83,5482,122.002505184911,NA,"female",4,"Clinical-MOR","11312/c-00033707-1","Gillam"
"19",9591,"eng","2002-11-12","Gillam/LangImpaired/10m/10y55646co-l.xml",83,5482,125.002566787819,NA,"female",4,"Clinical-MOR","11312/c-00033708-1","Gillam"
"20",9592,"eng","2002-11-08","Gillam/LangImpaired/10m/10y55650co-l.xml",83,5482,127.002607856424,NA,"female",4,"Clinical-MOR","11312/c-00033709-1","Gillam"
"21",9593,"eng","2002-11-25","Gillam/LangImpaired/10m/10y55736fl.xml",83,5482,123.002525719214,NA,"female",4,"Clinical-MOR","11312/c-00033710-1","Gillam"
"22",9594,"eng","2002-11-05","Gillam/LangImpaired/11m/11y54941co-l.xml",83,5482,138.002833733752,NA,"female",4,"Clinical-MOR","11312/c-00033711-1","Gillam"
"23",9595,"eng","2002-11-14","Gillam/LangImpaired/5f/5y55694il-l.xml",83,5482,65.0013347296659,NA,"female",4,"Clinical-MOR","11312/c-00033712-1","Gillam"
"24",9596,"eng","2002-12-10","Gillam/LangImpaired/5f/5y55697il-l.xml",83,5482,71.0014579354812,NA,"female",4,"Clinical-MOR","11312/c-00033713-1","Gillam"
"25",9597,"eng","2002-10-25","Gillam/LangImpaired/5f/5y55720tx-l.xml",83,5482,64.0013141953633,NA,"female",4,"Clinical-MOR","11312/c-00033714-1","Gillam"
"26",9598,"eng","2002-12-04","Gillam/LangImpaired/5f/5y55740fl-l.xml",83,5482,62.0012731267582,NA,"female",4,"Clinical-MOR","11312/c-00033715-1","Gillam"
"27",9599,"eng","2002-03-16","Gillam/LangImpaired/5f/a-1-68pre.xml",83,5482,70.0014374011787,NA,"female",4,"Clinical-MOR","11312/c-00033716-1","Gillam"
"28",9600,"eng","2002-10-18","Gillam/LangImpaired/5m/5y54946co-l.xml",83,5482,65.0013347296659,NA,"female",4,"Clinical-MOR","11312/c-00033717-1","Gillam"
"29",9601,"eng","2002-02-20","Gillam/LangImpaired/5m/a-1-01pre.xml",83,5482,70.0014374011787,NA,"female",4,"Clinical-MOR","11312/c-00033718-1","Gillam"
"30",9602,"eng","2002-02-20","Gillam/LangImpaired/5m/a-1-20pre.xml",83,5482,68.0013963325736,NA,"female",4,"Clinical-MOR","11312/c-00033719-1","Gillam"
"31",9603,"eng","2002-11-12","Gillam/LangImpaired/6f/6y54917co-l.xml",83,5482,72.0014784697838,NA,"female",4,"Clinical-MOR","11312/c-00033720-1","Gillam"
"32",9604,"eng","2002-06-04","Gillam/LangImpaired/6f/6y57222ks-l.xml",83,5482,73.0014990040863,NA,"female",4,"Clinical-MOR","11312/c-00033721-1","Gillam"
"33",9605,"eng","2002-06-06","Gillam/LangImpaired/6f/6y57235ks-l.xml",83,5482,80.0016427442042,NA,"female",4,"Clinical-MOR","11312/c-00033722-1","Gillam"
"34",9606,"eng","2002-06-03","Gillam/LangImpaired/6f/6y57237ks-l.xml",83,5482,83.0017043471119,NA,"female",4,"Clinical-MOR","11312/c-00033723-1","Gillam"
"35",9607,"eng","2002-03-05","Gillam/LangImpaired/6f/a-1-13pre.xml",83,5482,79.0016222099016,NA,"female",4,"Clinical-MOR","11312/c-00033724-1","Gillam"
"36",9608,"eng","2002-03-18","Gillam/LangImpaired/6f/a-1-25pre.xml",83,5482,80.0016427442042,NA,"female",4,"Clinical-MOR","11312/c-00033725-1","Gillam"
"37",9609,"eng","2002-03-25","Gillam/LangImpaired/6f/a-1-50pre.xml",83,5482,77.0015811412965,NA,"female",4,"Clinical-MOR","11312/c-00033726-1","Gillam"
"38",9610,"eng","2002-07-24","Gillam/LangImpaired/6f/a-1-68.xml",83,5482,75.0015400726914,NA,"female",4,"Clinical-MOR","11312/c-00033727-1","Gillam"
"39",9611,"eng","2003-06-06","Gillam/LangImpaired/6f/a-2-07pre.xml",83,5482,78.0016016755991,NA,"female",4,"Clinical-MOR","11312/c-00033728-1","Gillam"
"40",9612,"eng","2003-06-06","Gillam/LangImpaired/6f/a-2-09pre.xml",83,5482,82.0016838128093,NA,"female",4,"Clinical-MOR","11312/c-00033729-1","Gillam"
"41",9613,"eng","2003-06-06","Gillam/LangImpaired/6f/a-2-29pre.xml",83,5482,79.0016222099016,NA,"female",4,"Clinical-MOR","11312/c-00033730-1","Gillam"
"42",9614,"eng","2003-06-06","Gillam/LangImpaired/6f/a-2-61pre.xml",83,5482,74.0015195383889,NA,"female",4,"Clinical-MOR","11312/c-00033731-1","Gillam"
"43",9615,"eng","2004-06-02","Gillam/LangImpaired/6f/a-3-12pre.xml",83,5482,81.0016632785067,NA,"female",4,"Clinical-MOR","11312/c-00033732-1","Gillam"
"44",9616,"eng","2004-06-02","Gillam/LangImpaired/6f/a-3-54pre.xml",83,5482,82.0016838128093,NA,"female",4,"Clinical-MOR","11312/c-00033733-1","Gillam"
"45",9617,"eng","2002-11-15","Gillam/LangImpaired/6m/6y54916co-l.xml",83,5482,79.0016222099016,NA,"female",4,"Clinical-MOR","11312/c-00033734-1","Gillam"
"46",9618,"eng","2002-11-08","Gillam/LangImpaired/6m/6y54925co-l.xml",83,5482,77.0015811412965,NA,"female",4,"Clinical-MOR","11312/c-00033735-1","Gillam"
"47",9619,"eng","2002-11-14","Gillam/LangImpaired/6m/6y55692il-l.xml",83,5482,73.0014990040863,NA,"female",4,"Clinical-MOR","11312/c-00033736-1","Gillam"
"48",9620,"eng","2002-12-10","Gillam/LangImpaired/6m/6y55696il-l.xml",83,5482,71.0014579354812,NA,"female",4,"Clinical-MOR","11312/c-00033737-1","Gillam"
"49",9621,"eng","2002-03-04","Gillam/LangImpaired/6m/a-1-08.xml",83,5482,75.0015400726914,NA,"female",4,"Clinical-MOR","11312/c-00033738-1","Gillam"
"50",9622,"eng","2002-03-05","Gillam/LangImpaired/6m/a-1-09.xml",83,5482,74.0015195383889,NA,"female",4,"Clinical-MOR","11312/c-00033739-1","Gillam"
"51",9623,"eng","2002-02-13","Gillam/LangImpaired/6m/a-1-12.xml",83,5482,81.0016632785067,NA,"female",4,"Clinical-MOR","11312/c-00033740-1","Gillam"
"52",9624,"eng","2002-03-25","Gillam/LangImpaired/6m/a-1-33.xml",83,5482,77.0015811412965,NA,"female",4,"Clinical-MOR","11312/c-00033741-1","Gillam"
"53",9625,"eng","2002-04-04","Gillam/LangImpaired/6m/a-1-36.xml",83,5482,83.0017043471119,NA,"female",4,"Clinical-MOR","11312/c-00033742-1","Gillam"
"54",9626,"eng","2002-04-17","Gillam/LangImpaired/6m/a-1-42.xml",83,5482,81.0016632785067,NA,"female",4,"Clinical-MOR","11312/c-00033743-1","Gillam"
"55",9627,"eng","2003-06-05","Gillam/LangImpaired/6m/a-2-03.xml",83,5482,83.0017043471119,NA,"female",4,"Clinical-MOR","11312/c-00033744-1","Gillam"
"56",9628,"eng","2003-06-05","Gillam/LangImpaired/6m/a-2-04.xml",83,5482,83.0017043471119,NA,"female",4,"Clinical-MOR","11312/c-00033745-1","Gillam"
"57",9629,"eng","2003-06-06","Gillam/LangImpaired/6m/a-2-13.xml",83,5482,82.0016838128093,NA,"female",4,"Clinical-MOR","11312/c-00033746-1","Gillam"
"58",9630,"eng","2003-06-06","Gillam/LangImpaired/6m/a-2-20.xml",83,5482,81.0016632785067,NA,"female",4,"Clinical-MOR","11312/c-00033747-1","Gillam"
"59",9631,"eng","2003-06-06","Gillam/LangImpaired/6m/a-2-33.xml",83,5482,75.0015400726914,NA,"female",4,"Clinical-MOR","11312/c-00033748-1","Gillam"
"60",9632,"eng","2003-06-05","Gillam/LangImpaired/6m/a-2-67.xml",83,5482,82.0016838128093,NA,"female",4,"Clinical-MOR","11312/c-00033749-1","Gillam"
"61",9633,"eng","2004-06-02","Gillam/LangImpaired/6m/a-3-01.xml",83,5482,72.0014784697838,NA,"female",4,"Clinical-MOR","11312/c-00033750-1","Gillam"
"62",9634,"eng","2004-06-02","Gillam/LangImpaired/6m/a-3-06.xml",83,5482,79.0016222099016,NA,"female",4,"Clinical-MOR","11312/c-00033751-1","Gillam"
"63",9635,"eng","2004-06-02","Gillam/LangImpaired/6m/a-3-29.xml",83,5482,75.0015400726914,NA,"female",4,"Clinical-MOR","11312/c-00033752-1","Gillam"
"64",9636,"eng","2004-06-02","Gillam/LangImpaired/6m/a-3-62.xml",83,5482,75.0015400726914,NA,"female",4,"Clinical-MOR","11312/c-00033753-1","Gillam"
"65",9637,"eng","2002-11-12","Gillam/LangImpaired/7f/7y46918ca-l.xml",83,5482,91.0018686215323,NA,"female",4,"Clinical-MOR","11312/c-00033754-1","Gillam"
"66",9638,"eng","2002-11-12","Gillam/LangImpaired/7f/7y54918co-l.xml",83,5482,91.0018686215323,NA,"female",4,"Clinical-MOR","11312/c-00033755-1","Gillam"
"67",9639,"eng","2002-12-10","Gillam/LangImpaired/7f/7y55699il-l.xml",83,5482,95.0019507587425,NA,"female",4,"Clinical-MOR","11312/c-00033756-1","Gillam"
"68",9640,"eng","2002-04-02","Gillam/LangImpaired/7f/a-1-54.xml",83,5482,91.0018686215323,NA,"female",4,"Clinical-MOR","11312/c-00033757-1","Gillam"
"69",9641,"eng","2003-06-05","Gillam/LangImpaired/7f/a-2-10.xml",83,5482,92.0018891558348,NA,"female",4,"Clinical-MOR","11312/c-00033758-1","Gillam"
"70",9642,"eng","2003-06-05","Gillam/LangImpaired/7f/a-2-12.xml",83,5482,94.0019302244399,NA,"female",4,"Clinical-MOR","11312/c-00033759-1","Gillam"
"71",9643,"eng","2003-06-06","Gillam/LangImpaired/7f/a-2-16.xml",83,5482,87.0017864843221,NA,"female",4,"Clinical-MOR","11312/c-00033760-1","Gillam"
"72",9644,"eng","2003-06-05","Gillam/LangImpaired/7f/a-2-19.xml",83,5482,85.001745415717,NA,"female",4,"Clinical-MOR","11312/c-00033761-1","Gillam"
"73",9645,"eng","2003-06-05","Gillam/LangImpaired/7f/a-2-25.xml",83,5482,93.0019096901374,NA,"female",4,"Clinical-MOR","11312/c-00033762-1","Gillam"
"74",9646,"eng","2003-06-06","Gillam/LangImpaired/7f/a-2-28.xml",83,5482,93.0019096901374,NA,"female",4,"Clinical-MOR","11312/c-00033763-1","Gillam"
"75",9647,"eng","2003-06-06","Gillam/LangImpaired/7f/a-2-37.xml",83,5482,94.0019302244399,NA,"female",4,"Clinical-MOR","11312/c-00033764-1","Gillam"
"76",9648,"eng","2004-06-02","Gillam/LangImpaired/7f/a-3-02.xml",83,5482,84.0017248814144,NA,"female",4,"Clinical-MOR","11312/c-00033765-1","Gillam"
"77",9649,"eng","2004-06-02","Gillam/LangImpaired/7f/a-3-08.xml",83,5482,88.0018070186246,NA,"female",4,"Clinical-MOR","11312/c-00033766-1","Gillam"
"78",9650,"eng","2004-06-02","Gillam/LangImpaired/7f/a-3-10.xml",83,5482,93.0019096901374,NA,"female",4,"Clinical-MOR","11312/c-00033767-1","Gillam"
"79",9651,"eng","2004-06-02","Gillam/LangImpaired/7f/a-3-11.xml",83,5482,89.0018275529272,NA,"female",4,"Clinical-MOR","11312/c-00033768-1","Gillam"
"80",9652,"eng","2004-06-02","Gillam/LangImpaired/7f/a-3-20.xml",83,5482,94.0019302244399,NA,"female",4,"Clinical-MOR","11312/c-00033769-1","Gillam"
"81",9653,"eng","2004-06-02","Gillam/LangImpaired/7f/a-3-23.xml",83,5482,89.0018275529272,NA,"female",4,"Clinical-MOR","11312/c-00033770-1","Gillam"
"82",9654,"eng","2004-06-02","Gillam/LangImpaired/7f/a-3-33.xml",83,5482,85.001745415717,NA,"female",4,"Clinical-MOR","11312/c-00033771-1","Gillam"
"83",9655,"eng","2004-06-02","Gillam/LangImpaired/7f/a-3-67.xml",83,5482,88.0018070186246,NA,"female",4,"Clinical-MOR","11312/c-00033772-1","Gillam"
"84",9656,"eng","2004-06-02","Gillam/LangImpaired/7f/a-3-70.xml",83,5482,93.0019096901374,NA,"female",4,"Clinical-MOR","11312/c-00033773-1","Gillam"
"85",9657,"eng","2004-06-02","Gillam/LangImpaired/7f/a-3-74.xml",83,5482,86.0017659500195,NA,"female",4,"Clinical-MOR","11312/c-00033774-1","Gillam"
"86",9658,"eng","2002-02-28","Gillam/LangImpaired/7m/7y41699il-l.xml",83,5482,92.0018891558348,NA,"female",4,"Clinical-MOR","11312/c-00033775-1","Gillam"
"87",9659,"eng","2002-03-27","Gillam/LangImpaired/7m/7y46760nj-l.xml",83,5482,94.0019302244399,NA,"female",4,"Clinical-MOR","11312/c-00033776-1","Gillam"
"88",9660,"eng","2002-10-22","Gillam/LangImpaired/7m/7y54939co-l.xml",83,5482,86.0017659500195,NA,"female",4,"Clinical-MOR","11312/c-00033777-1","Gillam"
"89",9661,"eng","2002-11-18","Gillam/LangImpaired/7m/7y54960pa-l.xml",83,5482,89.0018275529272,NA,"female",4,"Clinical-MOR","11312/c-00033778-1","Gillam"
"90",9662,"eng","2002-11-13","Gillam/LangImpaired/7m/7y55637co-l.xml",83,5482,94.0019302244399,NA,"female",4,"Clinical-MOR","11312/c-00033779-1","Gillam"
"91",9663,"eng","2002-11-19","Gillam/LangImpaired/7m/7y55695il-l.xml",83,5482,94.0019302244399,NA,"female",4,"Clinical-MOR","11312/c-00033780-1","Gillam"
"92",9664,"eng","2002-02-20","Gillam/LangImpaired/7m/a-1-14.xml",83,5482,95.0019507587425,NA,"female",4,"Clinical-MOR","11312/c-00033781-1","Gillam"
"93",9665,"eng","2002-02-18","Gillam/LangImpaired/7m/a-1-18.xml",83,5482,86.0017659500195,NA,"female",4,"Clinical-MOR","11312/c-00033782-1","Gillam"
"94",9666,"eng","2002-03-12","Gillam/LangImpaired/7m/a-1-28.xml",83,5482,93.0019096901374,NA,"female",4,"Clinical-MOR","11312/c-00033783-1","Gillam"
"95",9667,"eng","2002-04-17","Gillam/LangImpaired/7m/a-1-35.xml",83,5482,92.0018891558348,NA,"female",4,"Clinical-MOR","11312/c-00033784-1","Gillam"
"96",9668,"eng","2002-03-27","Gillam/LangImpaired/7m/a-1-38.xml",83,5482,89.0018275529272,NA,"female",4,"Clinical-MOR","11312/c-00033785-1","Gillam"
"97",9669,"eng","2002-03-19","Gillam/LangImpaired/7m/a-1-55.xml",83,5482,85.001745415717,NA,"female",4,"Clinical-MOR","11312/c-00033786-1","Gillam"
"98",9670,"eng","2003-06-06","Gillam/LangImpaired/7m/a-2-01.xml",83,5482,88.0018070186246,NA,"female",4,"Clinical-MOR","11312/c-00033787-1","Gillam"
"99",9671,"eng","2003-06-05","Gillam/LangImpaired/7m/a-2-56.xml",83,5482,91.0018686215323,NA,"female",4,"Clinical-MOR","11312/c-00033788-1","Gillam"
"100",9672,"eng","2003-06-06","Gillam/LangImpaired/7m/a-2-59.xml",83,5482,93.0019096901374,NA,"female",4,"Clinical-MOR","11312/c-00033789-1","Gillam"
"101",9673,"eng","2003-06-06","Gillam/LangImpaired/7m/a-2-62.xml",83,5482,94.0019302244399,NA,"female",4,"Clinical-MOR","11312/c-00033790-1","Gillam"
"102",9674,"eng","2003-06-05","Gillam/LangImpaired/7m/a-2-64.xml",83,5482,86.0017659500195,NA,"female",4,"Clinical-MOR","11312/c-00033791-1","Gillam"
"103",9675,"eng","2004-06-02","Gillam/LangImpaired/7m/a-3-07.xml",83,5482,86.0017659500195,NA,"female",4,"Clinical-MOR","11312/c-00033792-1","Gillam"
"104",9676,"eng","2004-06-02","Gillam/LangImpaired/7m/a-3-13.xml",83,5482,93.0019096901374,NA,"female",4,"Clinical-MOR","11312/c-00033793-1","Gillam"
"105",9677,"eng","2004-06-02","Gillam/LangImpaired/7m/a-3-14.xml",83,5482,87.0017864843221,NA,"female",4,"Clinical-MOR","11312/c-00033794-1","Gillam"
"106",9678,"eng","2004-06-02","Gillam/LangImpaired/7m/a-3-15.xml",83,5482,93.0019096901374,NA,"female",4,"Clinical-MOR","11312/c-00033795-1","Gillam"
"107",9679,"eng","2004-06-02","Gillam/LangImpaired/7m/a-3-24.xml",83,5482,90.0018480872297,NA,"female",4,"Clinical-MOR","11312/c-00033796-1","Gillam"
"108",9680,"eng","2004-06-02","Gillam/LangImpaired/7m/a-3-26.xml",83,5482,88.0018070186246,NA,"female",4,"Clinical-MOR","11312/c-00033797-1","Gillam"
"109",9681,"eng","2004-06-02","Gillam/LangImpaired/7m/a-3-27.xml",83,5482,91.0018686215323,NA,"female",4,"Clinical-MOR","11312/c-00033798-1","Gillam"
"110",9682,"eng","2004-06-02","Gillam/LangImpaired/7m/a-3-40.xml",83,5482,89.0018275529272,NA,"female",4,"Clinical-MOR","11312/c-00033799-1","Gillam"
"111",9683,"eng","2004-06-02","Gillam/LangImpaired/7m/a-3-50.xml",83,5482,86.0017659500195,NA,"female",4,"Clinical-MOR","11312/c-00033800-1","Gillam"
"112",9684,"eng","2004-06-02","Gillam/LangImpaired/7m/a-3-64.xml",83,5482,89.0018275529272,NA,"female",4,"Clinical-MOR","11312/c-00033801-1","Gillam"
"113",9685,"eng","2004-06-02","Gillam/LangImpaired/7m/a-3-69.xml",83,5482,93.0019096901374,NA,"female",4,"Clinical-MOR","11312/c-00033802-1","Gillam"
"114",9686,"eng","2004-06-02","Gillam/LangImpaired/7m/a-3-72.xml",83,5482,86.0017659500195,NA,"female",4,"Clinical-MOR","11312/c-00033803-1","Gillam"
"115",9687,"eng","2002-02-13","Gillam/LangImpaired/8f/8y41768ct-l.xml",83,5482,104.002135567465,NA,"female",4,"Clinical-MOR","11312/c-00033804-1","Gillam"
"116",9688,"eng","2002-11-15","Gillam/LangImpaired/8f/8y54428pa-l.xml",83,5482,102.00209449886,NA,"female",4,"Clinical-MOR","11312/c-00033805-1","Gillam"
"117",9689,"eng","2002-10-16","Gillam/LangImpaired/8f/8y54840ma-l.xml",83,5482,97.0019918273476,NA,"female",4,"Clinical-MOR","11312/c-00033806-1","Gillam"
"118",9690,"eng","2002-11-05","Gillam/LangImpaired/8f/8y54850nj-l.xml",83,5482,100.002053430255,NA,"female",4,"Clinical-MOR","11312/c-00033807-1","Gillam"
"119",9691,"eng","2002-11-14","Gillam/LangImpaired/8f/8y55693il-l.xml",83,5482,99.0020328959527,NA,"female",4,"Clinical-MOR","11312/c-00033808-1","Gillam"
"120",9692,"eng","2002-04-13","Gillam/LangImpaired/8f/a-1-56.xml",83,5482,96.001971293045,NA,"female",4,"Clinical-MOR","11312/c-00033809-1","Gillam"
"121",9693,"eng","2002-03-04","Gillam/LangImpaired/8f/a-1-58.xml",83,5482,98.0020123616501,NA,"female",4,"Clinical-MOR","11312/c-00033810-1","Gillam"
"122",9694,"eng","2003-06-06","Gillam/LangImpaired/8f/a-2-30.xml",83,5482,99.0020328959527,NA,"female",4,"Clinical-MOR","11312/c-00033811-1","Gillam"
"123",9695,"eng","2003-06-05","Gillam/LangImpaired/8f/a-2-39.xml",83,5482,103.002115033163,NA,"female",4,"Clinical-MOR","11312/c-00033812-1","Gillam"
"124",9696,"eng","2003-06-05","Gillam/LangImpaired/8f/a-2-54.xml",83,5482,103.002115033163,NA,"female",4,"Clinical-MOR","11312/c-00033813-1","Gillam"
"125",9697,"eng","2004-06-02","Gillam/LangImpaired/8f/a-3-35.xml",83,5482,100.002053430255,NA,"female",4,"Clinical-MOR","11312/c-00033814-1","Gillam"
"126",9698,"eng","2004-06-02","Gillam/LangImpaired/8f/a-3-57.xml",83,5482,105.002156101768,NA,"female",4,"Clinical-MOR","11312/c-00033815-1","Gillam"
"127",9699,"eng","2004-06-02","Gillam/LangImpaired/8f/a-3-59.xml",83,5482,100.002053430255,NA,"female",4,"Clinical-MOR","11312/c-00033816-1","Gillam"
"128",9700,"eng","2002-02-22","Gillam/LangImpaired/8m/8y39061wy-l.xml",83,5482,106.002176636071,NA,"female",4,"Clinical-MOR","11312/c-00033817-1","Gillam"
"129",9701,"eng","2002-02-22","Gillam/LangImpaired/8m/8y46895ca-l.xml",83,5482,101.002073964558,NA,"female",4,"Clinical-MOR","11312/c-00033818-1","Gillam"
"130",9702,"eng","2002-11-06","Gillam/LangImpaired/8m/8y55639co-l.xml",83,5482,97.0019918273476,NA,"female",4,"Clinical-MOR","11312/c-00033819-1","Gillam"
"131",9703,"eng","2002-11-12","Gillam/LangImpaired/8m/8y55647co-l.xml",83,5482,102.00209449886,NA,"female",4,"Clinical-MOR","11312/c-00033820-1","Gillam"
"132",9704,"eng","2002-03-04","Gillam/LangImpaired/8m/a-1-07.xml",83,5482,98.0020123616501,NA,"female",4,"Clinical-MOR","11312/c-00033821-1","Gillam"
"133",9705,"eng","2002-03-19","Gillam/LangImpaired/8m/a-1-30.xml",83,5482,102.00209449886,NA,"female",4,"Clinical-MOR","11312/c-00033822-1","Gillam"
"134",9706,"eng","2003-06-05","Gillam/LangImpaired/8m/a-2-15.xml",83,5482,99.0020328959527,NA,"female",4,"Clinical-MOR","11312/c-00033823-1","Gillam"
"135",9707,"eng","2003-06-06","Gillam/LangImpaired/8m/a-2-44.xml",83,5482,106.002176636071,NA,"female",4,"Clinical-MOR","11312/c-00033824-1","Gillam"
"136",9708,"eng","2003-06-06","Gillam/LangImpaired/8m/a-2-49.xml",83,5482,106.002176636071,NA,"female",4,"Clinical-MOR","11312/c-00033825-1","Gillam"
"137",9709,"eng","2003-06-09","Gillam/LangImpaired/8m/a-2-52.xml",83,5482,97.0019918273476,NA,"female",4,"Clinical-MOR","11312/c-00033826-1","Gillam"
"138",9710,"eng","2003-06-06","Gillam/LangImpaired/8m/a-2-57.xml",83,5482,99.0020328959527,NA,"female",4,"Clinical-MOR","11312/c-00033827-1","Gillam"
"139",9711,"eng","2003-06-06","Gillam/LangImpaired/8m/a-2-60.xml",83,5482,98.0020123616501,NA,"female",4,"Clinical-MOR","11312/c-00033828-1","Gillam"
"140",9712,"eng","2003-06-09","Gillam/LangImpaired/8m/a-2-68.xml",83,5482,104.002135567465,NA,"female",4,"Clinical-MOR","11312/c-00033829-1","Gillam"
"141",9713,"eng","2004-06-02","Gillam/LangImpaired/8m/a-3-04.xml",83,5482,98.0020123616501,NA,"female",4,"Clinical-MOR","11312/c-00033830-1","Gillam"
"142",9714,"eng","2004-06-02","Gillam/LangImpaired/8m/a-3-34.xml",83,5482,104.002135567465,NA,"female",4,"Clinical-MOR","11312/c-00033831-1","Gillam"
"143",9715,"eng","2004-06-02","Gillam/LangImpaired/8m/a-3-39.xml",83,5482,106.002176636071,NA,"female",4,"Clinical-MOR","11312/c-00033832-1","Gillam"
"144",9716,"eng","2004-06-02","Gillam/LangImpaired/8m/a-3-41.xml",83,5482,107.002197170373,NA,"female",4,"Clinical-MOR","11312/c-00033833-1","Gillam"
"145",9717,"eng","2004-06-02","Gillam/LangImpaired/8m/a-3-44.xml",83,5482,103.002115033163,NA,"female",4,"Clinical-MOR","11312/c-00033834-1","Gillam"
"146",9718,"eng","2004-06-02","Gillam/LangImpaired/8m/a-3-61.xml",83,5482,100.002053430255,NA,"female",4,"Clinical-MOR","11312/c-00033835-1","Gillam"
"147",9719,"eng","2004-06-02","Gillam/LangImpaired/8m/a-3-73.xml",83,5482,100.002053430255,NA,"female",4,"Clinical-MOR","11312/c-00033836-1","Gillam"
"148",9720,"eng","2002-11-14","Gillam/LangImpaired/9f/9y54499pa-l.xml",83,5482,118.002423047701,NA,"female",4,"Clinical-MOR","11312/c-00033837-1","Gillam"
"149",9721,"eng","2002-11-14","Gillam/LangImpaired/9f/9y54501pa-l.xml",83,5482,110.002258773281,NA,"female",4,"Clinical-MOR","11312/c-00033838-1","Gillam"
"150",9722,"eng","2002-11-19","Gillam/LangImpaired/9f/9y54938co-l.xml",83,5482,113.002320376188,NA,"female",4,"Clinical-MOR","11312/c-00033839-1","Gillam"
"151",9723,"eng","2002-11-19","Gillam/LangImpaired/9f/9y54940co-l.xml",83,5482,115.002361444794,NA,"female",4,"Clinical-MOR","11312/c-00033840-1","Gillam"
"152",9724,"eng","2002-12-05","Gillam/LangImpaired/9f/9y55641co-l.xml",83,5482,111.002279307583,NA,"female",4,"Clinical-MOR","11312/c-00033841-1","Gillam"
"153",9725,"eng","2002-11-19","Gillam/LangImpaired/9f/9y55643co-l.xml",83,5482,111.002279307583,NA,"female",4,"Clinical-MOR","11312/c-00033842-1","Gillam"
"154",9726,"eng","2002-11-12","Gillam/LangImpaired/9f/9y55648co-l.xml",83,5482,110.002258773281,NA,"female",4,"Clinical-MOR","11312/c-00033843-1","Gillam"
"155",9727,"eng","2002-11-01","Gillam/LangImpaired/9f/9y55719tx-l.xml",83,5482,111.002279307583,NA,"female",4,"Clinical-MOR","11312/c-00033844-1","Gillam"
"156",9728,"eng","2002-11-13","Gillam/LangImpaired/9f/9y55733fl.xml",83,5482,108.002217704676,NA,"female",4,"Clinical-MOR","11312/c-00033845-1","Gillam"
"157",9729,"eng","2002-11-20","Gillam/LangImpaired/9f/9y55735fl.xml",83,5482,116.002381979096,NA,"female",4,"Clinical-MOR","11312/c-00033846-1","Gillam"
"158",9730,"eng","2002-02-25","Gillam/LangImpaired/9m/9y46892ca-l.xml",83,5482,111.002279307583,NA,"female",4,"Clinical-MOR","11312/c-00033847-1","Gillam"
"159",9731,"eng","2002-03-14","Gillam/LangImpaired/9m/9y46907ca-l.xml",83,5482,117.002402513399,NA,"female",4,"Clinical-MOR","11312/c-00033848-1","Gillam"
"160",9732,"eng","2002-02-27","Gillam/LangImpaired/9m/9y46909ca-l.xml",83,5482,117.002402513399,NA,"female",4,"Clinical-MOR","11312/c-00033849-1","Gillam"
"161",9733,"eng","2002-11-15","Gillam/LangImpaired/9m/9y54426pa-l.xml",83,5482,114.002340910491,NA,"female",4,"Clinical-MOR","11312/c-00033850-1","Gillam"
"162",9734,"eng","2002-12-02","Gillam/LangImpaired/9m/9y54457pa-l.xml",83,5482,117.002402513399,NA,"female",4,"Clinical-MOR","11312/c-00033851-1","Gillam"
"163",9735,"eng","2002-12-02","Gillam/LangImpaired/9m/9y54460pa-l.xml",83,5482,117.002402513399,NA,"female",4,"Clinical-MOR","11312/c-00033852-1","Gillam"
"164",9736,"eng","2002-11-12","Gillam/LangImpaired/9m/9y54504pa-l.xml",83,5482,112.002299841886,NA,"female",4,"Clinical-MOR","11312/c-00033853-1","Gillam"
"165",9737,"eng","2002-10-16","Gillam/LangImpaired/9m/9y54839ma-l.xml",83,5482,118.002423047701,NA,"female",4,"Clinical-MOR","11312/c-00033854-1","Gillam"
"166",9738,"eng","2002-12-02","Gillam/LangImpaired/9m/9y55636co-l.xml",83,5482,116.002381979096,NA,"female",4,"Clinical-MOR","11312/c-00033855-1","Gillam"
"167",9739,"eng","2002-12-10","Gillam/LangImpaired/9m/9y55698il-l.xml",83,5482,109.002238238978,NA,"female",4,"Clinical-MOR","11312/c-00033856-1","Gillam"
"168",9740,"eng","2002-12-10","Gillam/LangImpaired/9m/9y55700il-l.xml",83,5482,115.002361444794,NA,"female",4,"Clinical-MOR","11312/c-00033857-1","Gillam"
"169",9741,"eng","2002-12-13","Gillam/LangImpaired/9m/9y55709sc-l.xml",83,5482,111.002279307583,NA,"female",4,"Clinical-MOR","11312/c-00033858-1","Gillam"
"170",9742,"eng","2002-12-11","Gillam/LangImpaired/9m/9y55715tx-l.xml",83,5482,119.002443582004,NA,"female",4,"Clinical-MOR","11312/c-00033859-1","Gillam"
"171",9743,"eng","2002-11-01","Gillam/LangImpaired/9m/9y55717tx-l.xml",83,5482,113.002320376188,NA,"female",4,"Clinical-MOR","11312/c-00033860-1","Gillam"
"172",9744,"eng","2002-05-01","Gillam/Normal/10f/10y28837tx.xml",83,5482,129.002648925029,NA,"female",4,"Clinical-MOR","11312/c-00033861-1","Gillam"
"173",9745,"eng","2001-12-11","Gillam/Normal/10f/10y28842tx.xml",83,5482,123.002525719214,NA,"female",4,"Clinical-MOR","11312/c-00033862-1","Gillam"
"174",9746,"eng","2002-01-10","Gillam/Normal/10f/10y31204tx.xml",83,5482,122.002505184911,NA,"female",4,"Clinical-MOR","11312/c-00033863-1","Gillam"
"175",9747,"eng","2001-12-10","Gillam/Normal/10f/10y31205tx.xml",83,5482,122.002505184911,NA,"female",4,"Clinical-MOR","11312/c-00033864-1","Gillam"
"176",9748,"eng","2002-04-30","Gillam/Normal/10f/10y39587oh.xml",83,5482,128.002628390727,NA,"female",4,"Clinical-MOR","11312/c-00033865-1","Gillam"
"177",9749,"eng","2002-04-30","Gillam/Normal/10f/10y39589oh.xml",83,5482,122.002505184911,NA,"female",4,"Clinical-MOR","11312/c-00033866-1","Gillam"
"178",9750,"eng","2002-02-09","Gillam/Normal/10f/10y39715tx.xml",83,5482,124.002546253516,NA,"female",4,"Clinical-MOR","11312/c-00033867-1","Gillam"
"179",9751,"eng","2002-02-05","Gillam/Normal/10f/10y41358oh.xml",83,5482,130.002669459332,NA,"female",4,"Clinical-MOR","11312/c-00033868-1","Gillam"
"180",9752,"eng","2002-03-14","Gillam/Normal/10f/10y46118v.xml",83,5482,131.002689993634,NA,"female",4,"Clinical-MOR","11312/c-00033869-1","Gillam"
"181",9753,"eng","2002-02-05","Gillam/Normal/10f/10y46362oh.xml",83,5482,130.002669459332,NA,"female",4,"Clinical-MOR","11312/c-00033870-1","Gillam"
"182",9754,"eng","2002-01-29","Gillam/Normal/10f/10y46370oh.xml",83,5482,129.002648925029,NA,"female",4,"Clinical-MOR","11312/c-00033871-1","Gillam"
"183",9755,"eng","2002-01-29","Gillam/Normal/10f/10y46376oh.xml",83,5482,124.002546253516,NA,"female",4,"Clinical-MOR","11312/c-00033872-1","Gillam"
"184",9756,"eng","2002-03-06","Gillam/Normal/10f/10y46784ca.xml",83,5482,129.002648925029,NA,"female",4,"Clinical-MOR","11312/c-00033873-1","Gillam"
"185",9757,"eng","2002-03-06","Gillam/Normal/10f/10y46785ca.xml",83,5482,129.002648925029,NA,"female",4,"Clinical-MOR","11312/c-00033874-1","Gillam"
"186",9758,"eng","2002-03-06","Gillam/Normal/10f/10y46786ca.xml",83,5482,124.002546253516,NA,"female",4,"Clinical-MOR","11312/c-00033875-1","Gillam"
"187",9759,"eng","2002-03-05","Gillam/Normal/10f/10y46789ca.xml",83,5482,127.002607856424,NA,"female",4,"Clinical-MOR","11312/c-00033876-1","Gillam"
"188",9760,"eng","2002-03-05","Gillam/Normal/10f/10y46792ca.xml",83,5482,128.002628390727,NA,"female",4,"Clinical-MOR","11312/c-00033877-1","Gillam"
"189",9761,"eng","2002-03-11","Gillam/Normal/10f/10y46802ca.xml",83,5482,131.002689993634,NA,"female",4,"Clinical-MOR","11312/c-00033878-1","Gillam"
"190",9762,"eng","2002-03-30","Gillam/Normal/10f/10y46804ca.xml",83,5482,131.002689993634,NA,"female",4,"Clinical-MOR","11312/c-00033879-1","Gillam"
"191",9763,"eng","2002-02-13","Gillam/Normal/10f/10y46939wy.xml",83,5482,126.002587322122,NA,"female",4,"Clinical-MOR","11312/c-00033880-1","Gillam"
"192",9764,"eng","2002-11-08","Gillam/Normal/10f/10y54924co.xml",83,5482,129.002648925029,NA,"female",4,"Clinical-MOR","11312/c-00033881-1","Gillam"
"193",9765,"eng","2002-05-01","Gillam/Normal/10f/10y57258tx.xml",83,5482,121.002484650609,NA,"female",4,"Clinical-MOR","11312/c-00033882-1","Gillam"
"194",9766,"eng","2002-05-01","Gillam/Normal/10f/10y57261tx.xml",83,5482,130.002669459332,NA,"female",4,"Clinical-MOR","11312/c-00033883-1","Gillam"
"195",9767,"eng","2002-05-01","Gillam/Normal/10f/10y57272tx.xml",83,5482,121.002484650609,NA,"female",4,"Clinical-MOR","11312/c-00033884-1","Gillam"
"196",9768,"eng","2002-05-01","Gillam/Normal/10f/10y57286tx.xml",83,5482,124.002546253516,NA,"female",4,"Clinical-MOR","11312/c-00033885-1","Gillam"
"197",9769,"eng","2001-12-10","Gillam/Normal/10m/10y28884tx.xml",83,5482,124.002546253516,NA,"female",4,"Clinical-MOR","11312/c-00033886-1","Gillam"
"198",9770,"eng","2002-04-30","Gillam/Normal/10m/10y39586oh.xml",83,5482,122.002505184911,NA,"female",4,"Clinical-MOR","11312/c-00033887-1","Gillam"
"199",9771,"eng","2002-04-30","Gillam/Normal/10m/10y39590oh.xml",83,5482,128.002628390727,NA,"female",4,"Clinical-MOR","11312/c-00033888-1","Gillam"
"200",9772,"eng","2001-12-20","Gillam/Normal/10m/10y39681tx.xml",83,5482,123.002525719214,NA,"female",4,"Clinical-MOR","11312/c-00033889-1","Gillam"
"201",9773,"eng","2001-12-17","Gillam/Normal/10m/10y39692tx.xml",83,5482,123.002525719214,NA,"female",4,"Clinical-MOR","11312/c-00033890-1","Gillam"
"202",9774,"eng","2002-02-09","Gillam/Normal/10m/10y39714tx.xml",83,5482,123.002525719214,NA,"female",4,"Clinical-MOR","11312/c-00033891-1","Gillam"
"203",9775,"eng","2002-02-05","Gillam/Normal/10m/10y41349oh.xml",83,5482,122.002505184911,NA,"female",4,"Clinical-MOR","11312/c-00033892-1","Gillam"
"204",9776,"eng","2002-02-12","Gillam/Normal/10m/10y41354oh.xml",83,5482,128.002628390727,NA,"female",4,"Clinical-MOR","11312/c-00033893-1","Gillam"
"205",9777,"eng","2002-02-25","Gillam/Normal/10m/10y41683ak.xml",83,5482,124.002546253516,NA,"female",4,"Clinical-MOR","11312/c-00033894-1","Gillam"
"206",9778,"eng","2002-02-08","Gillam/Normal/10m/10y41766ct.xml",83,5482,125.002566787819,NA,"female",4,"Clinical-MOR","11312/c-00033895-1","Gillam"
"207",9779,"eng","2002-03-14","Gillam/Normal/10m/10y46119v.xml",83,5482,121.002484650609,NA,"female",4,"Clinical-MOR","11312/c-00033896-1","Gillam"
"208",9780,"eng","2002-02-22","Gillam/Normal/10m/10y46146v.xml",83,5482,125.002566787819,NA,"female",4,"Clinical-MOR","11312/c-00033897-1","Gillam"
"209",9781,"eng","2002-05-01","Gillam/Normal/10m/10y46721nj.xml",83,5482,131.002689993634,NA,"female",4,"Clinical-MOR","11312/c-00033898-1","Gillam"
"210",9782,"eng","2002-05-01","Gillam/Normal/10m/10y46733nj.xml",83,5482,125.002566787819,NA,"female",4,"Clinical-MOR","11312/c-00033899-1","Gillam"
"211",9783,"eng","2002-05-01","Gillam/Normal/10m/10y46740nj.xml",83,5482,130.002669459332,NA,"female",4,"Clinical-MOR","11312/c-00033900-1","Gillam"
"212",9784,"eng","2002-05-01","Gillam/Normal/10m/10y46749nj.xml",83,5482,126.002587322122,NA,"female",4,"Clinical-MOR","11312/c-00033901-1","Gillam"
"213",9785,"eng","2002-05-01","Gillam/Normal/10m/10y46750nj.xml",83,5482,126.002587322122,NA,"female",4,"Clinical-MOR","11312/c-00033902-1","Gillam"
"214",9786,"eng","2002-05-01","Gillam/Normal/10m/10y46752nj.xml",83,5482,120.002464116306,NA,"female",4,"Clinical-MOR","11312/c-00033903-1","Gillam"
"215",9787,"eng","2002-05-01","Gillam/Normal/10m/10y46763nj.xml",83,5482,122.002505184911,NA,"female",4,"Clinical-MOR","11312/c-00033904-1","Gillam"
"216",9788,"eng","2002-03-28","Gillam/Normal/10m/10y46771ca.xml",83,5482,123.002525719214,NA,"female",4,"Clinical-MOR","11312/c-00033905-1","Gillam"
"217",9789,"eng","2002-03-06","Gillam/Normal/10m/10y46783ca.xml",83,5482,131.002689993634,NA,"female",4,"Clinical-MOR","11312/c-00033906-1","Gillam"
"218",9790,"eng","2002-03-22","Gillam/Normal/10m/10y46806ca.xml",83,5482,123.002525719214,NA,"female",4,"Clinical-MOR","11312/c-00033907-1","Gillam"
"219",9791,"eng","2002-02-13","Gillam/Normal/10m/10y46941wy.xml",83,5482,126.002587322122,NA,"female",4,"Clinical-MOR","11312/c-00033908-1","Gillam"
"220",9792,"eng","2002-02-15","Gillam/Normal/10m/10y46947wy.xml",83,5482,128.002628390727,NA,"female",4,"Clinical-MOR","11312/c-00033909-1","Gillam"
"221",9793,"eng","2002-06-01","Gillam/Normal/10m/10y47501tx.xml",83,5482,124.002546253516,NA,"female",4,"Clinical-MOR","11312/c-00033910-1","Gillam"
"222",9794,"eng","2002-12-06","Gillam/Normal/11f/11y39344ks.xml",83,5482,135.002772130845,NA,"female",4,"Clinical-MOR","11312/c-00033911-1","Gillam"
"223",9795,"eng","2002-01-09","Gillam/Normal/11f/11y39654tx.xml",83,5482,137.00281319945,NA,"female",4,"Clinical-MOR","11312/c-00033912-1","Gillam"
"224",9796,"eng","2001-12-12","Gillam/Normal/11f/11y39659tx.xml",83,5482,135.002772130845,NA,"female",4,"Clinical-MOR","11312/c-00033913-1","Gillam"
"225",9797,"eng","2002-02-05","Gillam/Normal/11f/11y41356oh.xml",83,5482,135.002772130845,NA,"female",4,"Clinical-MOR","11312/c-00033914-1","Gillam"
"226",9798,"eng","2002-02-12","Gillam/Normal/11f/11y41357oh.xml",83,5482,137.00281319945,NA,"female",4,"Clinical-MOR","11312/c-00033915-1","Gillam"
"227",9799,"eng","2002-03-14","Gillam/Normal/11f/11y46117v.xml",83,5482,138.002833733752,NA,"female",4,"Clinical-MOR","11312/c-00033916-1","Gillam"
"228",9800,"eng","2002-02-22","Gillam/Normal/11f/11y46156v.xml",83,5482,134.002751596542,NA,"female",4,"Clinical-MOR","11312/c-00033917-1","Gillam"
"229",9801,"eng","2002-01-30","Gillam/Normal/11f/11y46208wy.xml",83,5482,138.002833733752,NA,"female",4,"Clinical-MOR","11312/c-00033918-1","Gillam"
"230",9802,"eng","2002-01-30","Gillam/Normal/11f/11y46211wy.xml",83,5482,140.002874802357,NA,"female",4,"Clinical-MOR","11312/c-00033919-1","Gillam"
"231",9803,"eng","2002-02-05","Gillam/Normal/11f/11y46363oh.xml",83,5482,135.002772130845,NA,"female",4,"Clinical-MOR","11312/c-00033920-1","Gillam"
"232",9804,"eng","2002-01-29","Gillam/Normal/11f/11y46375oh.xml",83,5482,135.002772130845,NA,"female",4,"Clinical-MOR","11312/c-00033921-1","Gillam"
"233",9805,"eng","2002-05-01","Gillam/Normal/11f/11y46730nj.xml",83,5482,137.00281319945,NA,"female",4,"Clinical-MOR","11312/c-00033922-1","Gillam"
"234",9806,"eng","2002-03-12","Gillam/Normal/11f/11y46796ca.xml",83,5482,142.002915870962,NA,"female",4,"Clinical-MOR","11312/c-00033923-1","Gillam"
"235",9807,"eng","2002-03-14","Gillam/Normal/11f/11y46797ca.xml",83,5482,138.002833733752,NA,"female",4,"Clinical-MOR","11312/c-00033924-1","Gillam"
"236",9808,"eng","2002-03-08","Gillam/Normal/11f/11y46882ca.xml",83,5482,139.002854268055,NA,"female",4,"Clinical-MOR","11312/c-00033925-1","Gillam"
"237",9809,"eng","2002-02-04","Gillam/Normal/11f/11y46924wy.xml",83,5482,134.002751596542,NA,"female",4,"Clinical-MOR","11312/c-00033926-1","Gillam"
"238",9810,"eng","2002-02-04","Gillam/Normal/11f/11y46925wy.xml",83,5482,134.002751596542,NA,"female",4,"Clinical-MOR","11312/c-00033927-1","Gillam"
"239",9811,"eng","2002-02-06","Gillam/Normal/11f/11y46976wy.xml",83,5482,135.002772130845,NA,"female",4,"Clinical-MOR","11312/c-00033928-1","Gillam"
"240",9812,"eng","2002-02-01","Gillam/Normal/11f/11y47017wy.xml",83,5482,139.002854268055,NA,"female",4,"Clinical-MOR","11312/c-00033929-1","Gillam"
"241",9813,"eng","2002-02-01","Gillam/Normal/11f/11y47026wy.xml",83,5482,138.002833733752,NA,"female",4,"Clinical-MOR","11312/c-00033930-1","Gillam"
"242",9814,"eng","2002-02-01","Gillam/Normal/11f/11y47029wy.xml",83,5482,143.002936405265,NA,"female",4,"Clinical-MOR","11312/c-00033931-1","Gillam"
"243",9815,"eng","2002-02-01","Gillam/Normal/11f/11y47030wy.xml",83,5482,139.002854268055,NA,"female",4,"Clinical-MOR","11312/c-00033932-1","Gillam"
"244",9816,"eng","2002-04-10","Gillam/Normal/11f/11y48649v.xml",83,5482,135.002772130845,NA,"female",4,"Clinical-MOR","11312/c-00033933-1","Gillam"
"245",9817,"eng","2002-05-01","Gillam/Normal/11f/11y57260tx.xml",83,5482,132.002710527937,NA,"female",4,"Clinical-MOR","11312/c-00033934-1","Gillam"
"246",9818,"eng","2002-04-01","Gillam/Normal/11f/11y57287tx.xml",83,5482,132.002710527937,NA,"female",4,"Clinical-MOR","11312/c-00033935-1","Gillam"
"247",9819,"eng","2002-01-08","Gillam/Normal/11m/11y39664tx.xml",83,5482,137.00281319945,NA,"female",4,"Clinical-MOR","11312/c-00033936-1","Gillam"
"248",9820,"eng","2002-01-08","Gillam/Normal/11m/11y39665tx.xml",83,5482,135.002772130845,NA,"female",4,"Clinical-MOR","11312/c-00033937-1","Gillam"
"249",9821,"eng","2002-02-07","Gillam/Normal/11m/11y39675tx.xml",83,5482,142.002915870962,NA,"female",4,"Clinical-MOR","11312/c-00033938-1","Gillam"
"250",9822,"eng","2002-02-09","Gillam/Normal/11m/11y39717tx.xml",83,5482,136.002792665147,NA,"female",4,"Clinical-MOR","11312/c-00033939-1","Gillam"
"251",9823,"eng","2002-01-23","Gillam/Normal/11m/11y41643pa.xml",83,5482,138.002833733752,NA,"female",4,"Clinical-MOR","11312/c-00033940-1","Gillam"
"252",9824,"eng","2002-03-14","Gillam/Normal/11m/11y46116v.xml",83,5482,136.002792665147,NA,"female",4,"Clinical-MOR","11312/c-00033941-1","Gillam"
"253",9825,"eng","2002-03-14","Gillam/Normal/11m/11y46132v.xml",83,5482,137.00281319945,NA,"female",4,"Clinical-MOR","11312/c-00033942-1","Gillam"
"254",9826,"eng","2002-02-22","Gillam/Normal/11m/11y46155v.xml",83,5482,137.00281319945,NA,"female",4,"Clinical-MOR","11312/c-00033943-1","Gillam"
"255",9827,"eng","2002-01-30","Gillam/Normal/11m/11y46210wy.xml",83,5482,138.002833733752,NA,"female",4,"Clinical-MOR","11312/c-00033944-1","Gillam"
"256",9828,"eng","2002-01-30","Gillam/Normal/11m/11y46212wy.xml",83,5482,140.002874802357,NA,"female",4,"Clinical-MOR","11312/c-00033945-1","Gillam"
"257",9829,"eng","2002-01-29","Gillam/Normal/11m/11y46371oh.xml",83,5482,136.002792665147,NA,"female",4,"Clinical-MOR","11312/c-00033946-1","Gillam"
"258",9830,"eng","2002-01-29","Gillam/Normal/11m/11y46373oh.xml",83,5482,134.002751596542,NA,"female",4,"Clinical-MOR","11312/c-00033947-1","Gillam"
"259",9831,"eng","2002-05-01","Gillam/Normal/11m/11y46636nj.xml",83,5482,139.002854268055,NA,"female",4,"Clinical-MOR","11312/c-00033948-1","Gillam"
"260",9832,"eng","2002-05-01","Gillam/Normal/11m/11y46649nj.xml",83,5482,134.002751596542,NA,"female",4,"Clinical-MOR","11312/c-00033949-1","Gillam"
"261",9833,"eng","2002-05-01","Gillam/Normal/11m/11y46734nj.xml",83,5482,138.002833733752,NA,"female",4,"Clinical-MOR","11312/c-00033950-1","Gillam"
"262",9834,"eng","2002-05-01","Gillam/Normal/11m/11y46754nj.xml",83,5482,137.00281319945,NA,"female",4,"Clinical-MOR","11312/c-00033951-1","Gillam"
"263",9835,"eng","2002-05-01","Gillam/Normal/11m/11y46757nj.xml",83,5482,135.002772130845,NA,"female",4,"Clinical-MOR","11312/c-00033952-1","Gillam"
"264",9836,"eng","2002-03-29","Gillam/Normal/11m/11y46781ca.xml",83,5482,140.002874802357,NA,"female",4,"Clinical-MOR","11312/c-00033953-1","Gillam"
"265",9837,"eng","2002-03-11","Gillam/Normal/11m/11y46794ca.xml",83,5482,138.002833733752,NA,"female",4,"Clinical-MOR","11312/c-00033954-1","Gillam"
"266",9838,"eng","2002-03-15","Gillam/Normal/11m/11y46795ca.xml",83,5482,139.002854268055,NA,"female",4,"Clinical-MOR","11312/c-00033955-1","Gillam"
"267",9839,"eng","2002-03-11","Gillam/Normal/11m/11y46798ca.xml",83,5482,140.002874802357,NA,"female",4,"Clinical-MOR","11312/c-00033956-1","Gillam"
"268",9840,"eng","2002-03-06","Gillam/Normal/11m/11y46810ca.xml",83,5482,138.002833733752,NA,"female",4,"Clinical-MOR","11312/c-00033957-1","Gillam"
"269",9841,"eng","2002-03-18","Gillam/Normal/11m/11y46883ca.xml",83,5482,139.002854268055,NA,"female",4,"Clinical-MOR","11312/c-00033958-1","Gillam"
"270",9842,"eng","2002-03-14","Gillam/Normal/11m/11y46908ca.xml",83,5482,139.002854268055,NA,"female",4,"Clinical-MOR","11312/c-00033959-1","Gillam"
"271",9843,"eng","2002-03-01","Gillam/Normal/11m/11y46910ca.xml",83,5482,133.002731062239,NA,"female",4,"Clinical-MOR","11312/c-00033960-1","Gillam"
"272",9844,"eng","2002-12-04","Gillam/Normal/11m/11y55635co.xml",83,5482,138.002833733752,NA,"female",4,"Clinical-MOR","11312/c-00033961-1","Gillam"
"273",9845,"eng","2002-05-01","Gillam/Normal/11m/11y57271tx.xml",83,5482,143.002936405265,NA,"female",4,"Clinical-MOR","11312/c-00033962-1","Gillam"
"274",9846,"eng","2001-11-28","Gillam/Normal/5f/5y28787tx.xml",83,5482,66.0013552639685,NA,"female",4,"Clinical-MOR","11312/c-00033963-1","Gillam"
"275",9847,"eng","2001-11-28","Gillam/Normal/5f/5y28788tx.xml",83,5482,71.0014579354812,NA,"female",4,"Clinical-MOR","11312/c-00033964-1","Gillam"
"276",9848,"eng","2001-11-15","Gillam/Normal/5f/5y28793tx.xml",83,5482,69.0014168668761,NA,"female",4,"Clinical-MOR","11312/c-00033965-1","Gillam"
"277",9849,"eng","2001-11-15","Gillam/Normal/5f/5y28799tx.xml",83,5482,65.0013347296659,NA,"female",4,"Clinical-MOR","11312/c-00033966-1","Gillam"
"278",9850,"eng","2001-12-05","Gillam/Normal/5f/5y31218tx.xml",83,5482,70.0014374011787,NA,"female",4,"Clinical-MOR","11312/c-00033967-1","Gillam"
"279",9851,"eng","2001-12-05","Gillam/Normal/5f/5y31223tx.xml",83,5482,67.001375798271,NA,"female",4,"Clinical-MOR","11312/c-00033968-1","Gillam"
"280",9852,"eng","2001-12-15","Gillam/Normal/5f/5y31225tx.xml",83,5482,69.0014168668761,NA,"female",4,"Clinical-MOR","11312/c-00033969-1","Gillam"
"281",9853,"eng","2002-03-05","Gillam/Normal/5f/5y39602oh.xml",83,5482,67.001375798271,NA,"female",4,"Clinical-MOR","11312/c-00033970-1","Gillam"
"282",9854,"eng","2002-03-05","Gillam/Normal/5f/5y39603oh.xml",83,5482,68.0013963325736,NA,"female",4,"Clinical-MOR","11312/c-00033971-1","Gillam"
"283",9855,"eng","2002-03-05","Gillam/Normal/5f/5y39604oh.xml",83,5482,69.0014168668761,NA,"female",4,"Clinical-MOR","11312/c-00033972-1","Gillam"
"284",9856,"eng","2002-02-26","Gillam/Normal/5f/5y41597ny.xml",83,5482,63.0012936610608,NA,"female",4,"Clinical-MOR","11312/c-00033973-1","Gillam"
"285",9857,"eng","2002-01-23","Gillam/Normal/5f/5y41615md.xml",83,5482,63.0012936610608,NA,"female",4,"Clinical-MOR","11312/c-00033974-1","Gillam"
"286",9858,"eng","2002-01-22","Gillam/Normal/5f/5y41649pa.xml",83,5482,66.0013552639685,NA,"female",4,"Clinical-MOR","11312/c-00033975-1","Gillam"
"287",9859,"eng","2002-02-28","Gillam/Normal/5f/5y41714oh.xml",83,5482,67.001375798271,NA,"female",4,"Clinical-MOR","11312/c-00033976-1","Gillam"
"288",9860,"eng","2002-05-01","Gillam/Normal/5f/5y46643nj.xml",83,5482,69.0014168668761,NA,"female",4,"Clinical-MOR","11312/c-00033977-1","Gillam"
"289",9861,"eng","2002-05-16","Gillam/Normal/5f/5y46703nj.xml",83,5482,67.001375798271,NA,"female",4,"Clinical-MOR","11312/c-00033978-1","Gillam"
"290",9862,"eng","2002-03-18","Gillam/Normal/5f/5y46905ca.xml",83,5482,60.0012320581531,NA,"female",4,"Clinical-MOR","11312/c-00033979-1","Gillam"
"291",9863,"eng","2002-02-15","Gillam/Normal/5f/5y46937wy.xml",83,5482,65.0013347296659,NA,"female",4,"Clinical-MOR","11312/c-00033980-1","Gillam"
"292",9864,"eng","2002-02-13","Gillam/Normal/5f/5y46943wy.xml",83,5482,71.0014579354812,NA,"female",4,"Clinical-MOR","11312/c-00033981-1","Gillam"
"293",9865,"eng","2002-02-13","Gillam/Normal/5f/5y46945wy.xml",83,5482,68.0013963325736,NA,"female",4,"Clinical-MOR","11312/c-00033982-1","Gillam"
"294",9866,"eng","2002-02-22","Gillam/Normal/5f/5y46958wy.xml",83,5482,70.0014374011787,NA,"female",4,"Clinical-MOR","11312/c-00033983-1","Gillam"
"295",9867,"eng","2002-02-15","Gillam/Normal/5f/5y46961wy.xml",83,5482,69.0014168668761,NA,"female",4,"Clinical-MOR","11312/c-00033984-1","Gillam"
"296",9868,"eng","2002-04-01","Gillam/Normal/5f/5y47497tx.xml",83,5482,69.0014168668761,NA,"female",4,"Clinical-MOR","11312/c-00033985-1","Gillam"
"297",9869,"eng","2002-04-12","Gillam/Normal/5f/5y48554va.xml",83,5482,67.001375798271,NA,"female",4,"Clinical-MOR","11312/c-00033986-1","Gillam"
"298",9870,"eng","2001-11-15","Gillam/Normal/5m/5y28771tx.xml",83,5482,69.0014168668761,NA,"female",4,"Clinical-MOR","11312/c-00033987-1","Gillam"
"299",9871,"eng","2001-11-15","Gillam/Normal/5m/5y28773tx.xml",83,5482,63.0012936610608,NA,"female",4,"Clinical-MOR","11312/c-00033988-1","Gillam"
"300",9872,"eng","2001-07-28","Gillam/Normal/5m/5y28779tx.xml",83,5482,66.0013552639685,NA,"female",4,"Clinical-MOR","11312/c-00033989-1","Gillam"
"301",9873,"eng","2001-11-27","Gillam/Normal/5m/5y28790tx.xml",83,5482,64.0013141953633,NA,"female",4,"Clinical-MOR","11312/c-00033990-1","Gillam"
"302",9874,"eng","2001-11-15","Gillam/Normal/5m/5y28800tx.xml",83,5482,71.0014579354812,NA,"female",4,"Clinical-MOR","11312/c-00033991-1","Gillam"
"303",9875,"eng","2001-12-15","Gillam/Normal/5m/5y31217tx.xml",83,5482,67.001375798271,NA,"female",4,"Clinical-MOR","11312/c-00033992-1","Gillam"
"304",9876,"eng","2001-12-15","Gillam/Normal/5m/5y31226tx.xml",83,5482,66.0013552639685,NA,"female",4,"Clinical-MOR","11312/c-00033993-1","Gillam"
"305",9877,"eng","2001-12-15","Gillam/Normal/5m/5y31228tx.xml",83,5482,64.0013141953633,NA,"female",4,"Clinical-MOR","11312/c-00033994-1","Gillam"
"306",9878,"eng","2002-01-15","Gillam/Normal/5m/5y31248tx.xml",83,5482,71.0014579354812,NA,"female",4,"Clinical-MOR","11312/c-00033995-1","Gillam"
"307",9879,"eng","2001-01-16","Gillam/Normal/5m/5y31249tx.xml",83,5482,67.001375798271,NA,"female",4,"Clinical-MOR","11312/c-00033996-1","Gillam"
"308",9880,"eng","2002-03-05","Gillam/Normal/5m/5y39608oh.xml",83,5482,71.0014579354812,NA,"female",4,"Clinical-MOR","11312/c-00033997-1","Gillam"
"309",9881,"eng","2002-02-26","Gillam/Normal/5m/5y41598ny.xml",83,5482,67.001375798271,NA,"female",4,"Clinical-MOR","11312/c-00033998-1","Gillam"
"310",9882,"eng","2002-01-18","Gillam/Normal/5m/5y41612md.xml",83,5482,66.0013552639685,NA,"female",4,"Clinical-MOR","11312/c-00033999-1","Gillam"
"311",9883,"eng","2002-02-08","Gillam/Normal/5m/5y41616md.xml",83,5482,71.0014579354812,NA,"female",4,"Clinical-MOR","11312/c-00034000-1","Gillam"
"312",9884,"eng","2002-03-06","Gillam/Normal/5m/5y41667pa.xml",83,5482,67.001375798271,NA,"female",4,"Clinical-MOR","11312/c-00034001-1","Gillam"
"313",9885,"eng","2002-03-14","Gillam/Normal/5m/5y41756me.xml",83,5482,70.0014374011787,NA,"female",4,"Clinical-MOR","11312/c-00034002-1","Gillam"
"314",9886,"eng","2002-04-09","Gillam/Normal/5m/5y46079v.xml",83,5482,66.0013552639685,NA,"female",4,"Clinical-MOR","11312/c-00034003-1","Gillam"
"315",9887,"eng","2002-02-22","Gillam/Normal/5m/5y46186v.xml",83,5482,71.0014579354812,NA,"female",4,"Clinical-MOR","11312/c-00034004-1","Gillam"
"316",9888,"eng","2002-03-16","Gillam/Normal/5m/5y46825ca.xml",83,5482,64.0013141953633,NA,"female",4,"Clinical-MOR","11312/c-00034005-1","Gillam"
"317",9889,"eng","2002-03-12","Gillam/Normal/5m/5y46906ca.xml",83,5482,62.0012731267582,NA,"female",4,"Clinical-MOR","11312/c-00034006-1","Gillam"
"318",9890,"eng","2002-02-06","Gillam/Normal/5m/5y46926wy.xml",83,5482,69.0014168668761,NA,"female",4,"Clinical-MOR","11312/c-00034007-1","Gillam"
"319",9891,"eng","2002-02-13","Gillam/Normal/5m/5y46952wy.xml",83,5482,67.001375798271,NA,"female",4,"Clinical-MOR","11312/c-00034008-1","Gillam"
"320",9892,"eng","2002-02-13","Gillam/Normal/5m/5y46953wy.xml",83,5482,60.0012320581531,NA,"female",4,"Clinical-MOR","11312/c-00034009-1","Gillam"
"321",9893,"eng","2002-11-06","Gillam/Normal/5m/5y54921co.xml",83,5482,63.0012936610608,NA,"female",4,"Clinical-MOR","11312/c-00034010-1","Gillam"
"322",9894,"eng","2002-11-08","Gillam/Normal/5m/5y54923co.xml",83,5482,63.0012936610608,NA,"female",4,"Clinical-MOR","11312/c-00034011-1","Gillam"
"323",9895,"eng","2001-11-30","Gillam/Normal/6f/6y28776tx.xml",83,5482,77.0015811412965,NA,"female",4,"Clinical-MOR","11312/c-00034012-1","Gillam"
"324",9896,"eng","2001-11-28","Gillam/Normal/6f/6y28781tx.xml",83,5482,79.0016222099016,NA,"female",4,"Clinical-MOR","11312/c-00034013-1","Gillam"
"325",9897,"eng","2001-11-28","Gillam/Normal/6f/6y28782tx.xml",83,5482,73.0014990040863,NA,"female",4,"Clinical-MOR","11312/c-00034014-1","Gillam"
"326",9898,"eng","2001-11-26","Gillam/Normal/6f/6y28798tx.xml",83,5482,82.0016838128093,NA,"female",4,"Clinical-MOR","11312/c-00034015-1","Gillam"
"327",9899,"eng","2001-12-15","Gillam/Normal/6f/6y31244tx.xml",83,5482,78.0016016755991,NA,"female",4,"Clinical-MOR","11312/c-00034016-1","Gillam"
"328",9900,"eng","2001-11-15","Gillam/Normal/6f/6y31250tx.xml",83,5482,74.0015195383889,NA,"female",4,"Clinical-MOR","11312/c-00034017-1","Gillam"
"329",9901,"eng","2002-02-25","Gillam/Normal/6f/6y39062wy.xml",83,5482,81.0016632785067,NA,"female",4,"Clinical-MOR","11312/c-00034018-1","Gillam"
"330",9902,"eng","2002-04-16","Gillam/Normal/6f/6y39577oh.xml",83,5482,82.0016838128093,NA,"female",4,"Clinical-MOR","11312/c-00034019-1","Gillam"
"331",9903,"eng","2002-03-05","Gillam/Normal/6f/6y39605oh.xml",83,5482,77.0015811412965,NA,"female",4,"Clinical-MOR","11312/c-00034020-1","Gillam"
"332",9904,"eng","2002-03-05","Gillam/Normal/6f/6y39606oh.xml",83,5482,76.001560606994,NA,"female",4,"Clinical-MOR","11312/c-00034021-1","Gillam"
"333",9905,"eng","2002-02-19","Gillam/Normal/6f/6y41510nm.xml",83,5482,74.0015195383889,NA,"female",4,"Clinical-MOR","11312/c-00034022-1","Gillam"
"334",9906,"eng","2002-03-01","Gillam/Normal/6f/6y41584ny.xml",83,5482,75.0015400726914,NA,"female",4,"Clinical-MOR","11312/c-00034023-1","Gillam"
"335",9907,"eng","2002-02-28","Gillam/Normal/6f/6y41591ny.xml",83,5482,75.0015400726914,NA,"female",4,"Clinical-MOR","11312/c-00034024-1","Gillam"
"336",9908,"eng","2002-01-16","Gillam/Normal/6f/6y41609md.xml",83,5482,83.0017043471119,NA,"female",4,"Clinical-MOR","11312/c-00034025-1","Gillam"
"337",9909,"eng","2002-01-18","Gillam/Normal/6f/6y41613md.xml",83,5482,62.0012731267582,NA,"female",4,"Clinical-MOR","11312/c-00034026-1","Gillam"
"338",9910,"eng","2002-03-05","Gillam/Normal/6f/6y41679ak.xml",83,5482,78.0016016755991,NA,"female",4,"Clinical-MOR","11312/c-00034027-1","Gillam"
"339",9911,"eng","2002-03-03","Gillam/Normal/6f/6y41769ct.xml",83,5482,81.0016632785067,NA,"female",4,"Clinical-MOR","11312/c-00034028-1","Gillam"
"340",9912,"eng","2002-03-12","Gillam/Normal/6f/6y41770ct.xml",83,5482,75.0015400726914,NA,"female",4,"Clinical-MOR","11312/c-00034029-1","Gillam"
"341",9913,"eng","2002-03-05","Gillam/Normal/6f/6y42654oh.xml",83,5482,80.0016427442042,NA,"female",4,"Clinical-MOR","11312/c-00034030-1","Gillam"
"342",9914,"eng","2002-03-05","Gillam/Normal/6f/6y42655oh.xml",83,5482,82.0016838128093,NA,"female",4,"Clinical-MOR","11312/c-00034031-1","Gillam"
"343",9915,"eng","2002-02-26","Gillam/Normal/6f/6y45587oh.xml",83,5482,80.0016427442042,NA,"female",4,"Clinical-MOR","11312/c-00034032-1","Gillam"
"344",9916,"eng","2002-04-09","Gillam/Normal/6f/6y46068v.xml",83,5482,77.0015811412965,NA,"female",4,"Clinical-MOR","11312/c-00034033-1","Gillam"
"345",9917,"eng","2002-04-09","Gillam/Normal/6f/6y46070v.xml",83,5482,75.0015400726914,NA,"female",4,"Clinical-MOR","11312/c-00034034-1","Gillam"
"346",9918,"eng","2002-04-09","Gillam/Normal/6f/6y46072v.xml",83,5482,78.0016016755991,NA,"female",4,"Clinical-MOR","11312/c-00034035-1","Gillam"
"347",9919,"eng","2002-04-09","Gillam/Normal/6f/6y46073v.xml",83,5482,77.0015811412965,NA,"female",4,"Clinical-MOR","11312/c-00034036-1","Gillam"
"348",9920,"eng","2002-04-09","Gillam/Normal/6f/6y46074v.xml",83,5482,73.0014990040863,NA,"female",4,"Clinical-MOR","11312/c-00034037-1","Gillam"
"349",9921,"eng","2002-02-28","Gillam/Normal/6f/6y46143v.xml",83,5482,83.0017043471119,NA,"female",4,"Clinical-MOR","11312/c-00034038-1","Gillam"
"350",9922,"eng","2002-02-21","Gillam/Normal/6f/6y46180v.xml",83,5482,72.0014784697838,NA,"female",4,"Clinical-MOR","11312/c-00034039-1","Gillam"
"351",9923,"eng","2002-02-21","Gillam/Normal/6f/6y46182v.xml",83,5482,77.0015811412965,NA,"female",4,"Clinical-MOR","11312/c-00034040-1","Gillam"
"352",9924,"eng","2002-02-21","Gillam/Normal/6f/6y46194v.xml",83,5482,77.0015811412965,NA,"female",4,"Clinical-MOR","11312/c-00034041-1","Gillam"
"353",9925,"eng","2002-05-01","Gillam/Normal/6f/6y46648nj.xml",83,5482,75.0015400726914,NA,"female",4,"Clinical-MOR","11312/c-00034042-1","Gillam"
"354",9926,"eng","2002-05-01","Gillam/Normal/6f/6y46718nj.xml",83,5482,75.0015400726914,NA,"female",4,"Clinical-MOR","11312/c-00034043-1","Gillam"
"355",9927,"eng","2002-05-01","Gillam/Normal/6f/6y46719nj.xml",83,5482,72.0014784697838,NA,"female",4,"Clinical-MOR","11312/c-00034044-1","Gillam"
"356",9928,"eng","2002-05-16","Gillam/Normal/6f/6y46720nj.xml",83,5482,81.0016632785067,NA,"female",4,"Clinical-MOR","11312/c-00034045-1","Gillam"
"357",9929,"eng","2002-04-05","Gillam/Normal/6f/6y46725nj.xml",83,5482,80.0016427442042,NA,"female",4,"Clinical-MOR","11312/c-00034046-1","Gillam"
"358",9930,"eng","2002-03-30","Gillam/Normal/6f/6y46820az.xml",83,5482,83.0017043471119,NA,"female",4,"Clinical-MOR","11312/c-00034047-1","Gillam"
"359",9931,"eng","2002-03-27","Gillam/Normal/6f/6y46884ca.xml",83,5482,80.0016427442042,NA,"female",4,"Clinical-MOR","11312/c-00034048-1","Gillam"
"360",9932,"eng","2002-03-04","Gillam/Normal/6f/6y46915ca.xml",83,5482,76.001560606994,NA,"female",4,"Clinical-MOR","11312/c-00034049-1","Gillam"
"361",9933,"eng","2002-02-22","Gillam/Normal/6f/6y46930wy.xml",83,5482,82.0016838128093,NA,"female",4,"Clinical-MOR","11312/c-00034050-1","Gillam"
"362",9934,"eng","2002-02-15","Gillam/Normal/6f/6y46938wy.xml",83,5482,77.0015811412965,NA,"female",4,"Clinical-MOR","11312/c-00034051-1","Gillam"
"363",9935,"eng","2002-02-13","Gillam/Normal/6f/6y46944wy.xml",83,5482,76.001560606994,NA,"female",4,"Clinical-MOR","11312/c-00034052-1","Gillam"
"364",9936,"eng","2002-02-15","Gillam/Normal/6f/6y46946wy.xml",83,5482,76.001560606994,NA,"female",4,"Clinical-MOR","11312/c-00034053-1","Gillam"
"365",9937,"eng","2002-02-13","Gillam/Normal/6f/6y46954wy.xml",83,5482,75.0015400726914,NA,"female",4,"Clinical-MOR","11312/c-00034054-1","Gillam"
"366",9938,"eng","2002-02-15","Gillam/Normal/6f/6y46960wy.xml",83,5482,76.001560606994,NA,"female",4,"Clinical-MOR","11312/c-00034055-1","Gillam"
"367",9939,"eng","2002-02-08","Gillam/Normal/6f/6y46963wy.xml",83,5482,82.0016838128093,NA,"female",4,"Clinical-MOR","11312/c-00034056-1","Gillam"
"368",9940,"eng","2002-02-08","Gillam/Normal/6f/6y46965wy.xml",83,5482,79.0016222099016,NA,"female",4,"Clinical-MOR","11312/c-00034057-1","Gillam"
"369",9941,"eng","2002-02-15","Gillam/Normal/6f/6y46970wy.xml",83,5482,82.0016838128093,NA,"female",4,"Clinical-MOR","11312/c-00034058-1","Gillam"
"370",9942,"eng","2002-02-08","Gillam/Normal/6f/6y47008wy.xml",83,5482,77.0015811412965,NA,"female",4,"Clinical-MOR","11312/c-00034059-1","Gillam"
"371",9943,"eng","2002-02-22","Gillam/Normal/6f/6y47020wy.xml",83,5482,81.0016632785067,NA,"female",4,"Clinical-MOR","11312/c-00034060-1","Gillam"
"372",9944,"eng","2002-04-12","Gillam/Normal/6f/6y48553v.xml",83,5482,74.0015195383889,NA,"female",4,"Clinical-MOR","11312/c-00034061-1","Gillam"
"373",9945,"eng","1984-01-01","Gillam/Normal/6f/6y48555v.xml",83,5482,74.0015195383889,NA,"female",4,"Clinical-MOR","11312/c-00034062-1","Gillam"
"374",9946,"eng","2002-04-12","Gillam/Normal/6f/6y48569v.xml",83,5482,83.0017043471119,NA,"female",4,"Clinical-MOR","11312/c-00034063-1","Gillam"
"375",9947,"eng","2002-12-04","Gillam/Normal/6f/6y54973ks.xml",83,5482,77.0015811412965,NA,"female",4,"Clinical-MOR","11312/c-00034064-1","Gillam"
"376",9948,"eng","2002-04-01","Gillam/Normal/6f/6y57265tx.xml",83,5482,83.0017043471119,NA,"female",4,"Clinical-MOR","11312/c-00034065-1","Gillam"
"377",9949,"eng","2002-04-23","Gillam/Normal/6f/6y57289tx.xml",83,5482,81.0016632785067,NA,"female",4,"Clinical-MOR","11312/c-00034066-1","Gillam"
"378",9950,"eng","2002-06-01","Gillam/Normal/6m/6y23541tx.xml",83,5482,73.0014990040863,NA,"female",4,"Clinical-MOR","11312/c-00034067-1","Gillam"
"379",9951,"eng","2001-11-30","Gillam/Normal/6m/6y28775tx.xml",83,5482,72.0014784697838,NA,"female",4,"Clinical-MOR","11312/c-00034068-1","Gillam"
"380",9952,"eng","2001-11-28","Gillam/Normal/6m/6y28780tx.xml",83,5482,80.0016427442042,NA,"female",4,"Clinical-MOR","11312/c-00034069-1","Gillam"
"381",9953,"eng","2002-01-15","Gillam/Normal/6m/6y31219tx.xml",83,5482,75.0015400726914,NA,"female",4,"Clinical-MOR","11312/c-00034070-1","Gillam"
"382",9954,"eng","2001-12-15","Gillam/Normal/6m/6y31224tx.xml",83,5482,76.001560606994,NA,"female",4,"Clinical-MOR","11312/c-00034071-1","Gillam"
"383",9955,"eng","2001-12-03","Gillam/Normal/6m/6y31239tx.xml",83,5482,75.0015400726914,NA,"female",4,"Clinical-MOR","11312/c-00034072-1","Gillam"
"384",9956,"eng","2001-10-28","Gillam/Normal/6m/6y31252tx.xml",83,5482,75.0015400726914,NA,"female",4,"Clinical-MOR","11312/c-00034073-1","Gillam"
"385",9957,"eng","2002-02-22","Gillam/Normal/6m/6y39065wy.xml",83,5482,73.0014990040863,NA,"female",4,"Clinical-MOR","11312/c-00034074-1","Gillam"
"386",9958,"eng","2002-05-01","Gillam/Normal/6m/6y39709tx.xml",83,5482,73.0014990040863,NA,"female",4,"Clinical-MOR","11312/c-00034075-1","Gillam"
"387",9959,"eng","2002-02-26","Gillam/Normal/6m/6y41302oh.xml",83,5482,77.0015811412965,NA,"female",4,"Clinical-MOR","11312/c-00034076-1","Gillam"
"388",9960,"eng","2002-02-28","Gillam/Normal/6m/6y41592ny.xml",83,5482,72.0014784697838,NA,"female",4,"Clinical-MOR","11312/c-00034077-1","Gillam"
"389",9961,"eng","2002-01-18","Gillam/Normal/6m/6y41611md.xml",83,5482,74.0015195383889,NA,"female",4,"Clinical-MOR","11312/c-00034078-1","Gillam"
"390",9962,"eng","2002-02-11","Gillam/Normal/6m/6y41688oh.xml",83,5482,73.0014990040863,NA,"female",4,"Clinical-MOR","11312/c-00034079-1","Gillam"
"391",9963,"eng","2002-02-26","Gillam/Normal/6m/6y45588oh.xml",83,5482,81.0016632785067,NA,"female",4,"Clinical-MOR","11312/c-00034080-1","Gillam"
"392",9964,"eng","2002-02-26","Gillam/Normal/6m/6y45589oh.xml",83,5482,81.0016632785067,NA,"female",4,"Clinical-MOR","11312/c-00034081-1","Gillam"
"393",9965,"eng","2002-04-09","Gillam/Normal/6m/6y46071v.xml",83,5482,74.0015195383889,NA,"female",4,"Clinical-MOR","11312/c-00034082-1","Gillam"
"394",9966,"eng","2002-03-15","Gillam/Normal/6m/6y46090v.xml",83,5482,79.0016222099016,NA,"female",4,"Clinical-MOR","11312/c-00034083-1","Gillam"
"395",9967,"eng","2002-03-14","Gillam/Normal/6m/6y46127v.xml",83,5482,82.0016838128093,NA,"female",4,"Clinical-MOR","11312/c-00034084-1","Gillam"
"396",9968,"eng","2002-02-21","Gillam/Normal/6m/6y46184v.xml",83,5482,77.0015811412965,NA,"female",4,"Clinical-MOR","11312/c-00034085-1","Gillam"
"397",9969,"eng","2002-02-21","Gillam/Normal/6m/6y46191v.xml",83,5482,81.0016632785067,NA,"female",4,"Clinical-MOR","11312/c-00034086-1","Gillam"
"398",9970,"eng","2002-05-01","Gillam/Normal/6m/6y46644nj.xml",83,5482,73.0014990040863,NA,"female",4,"Clinical-MOR","11312/c-00034087-1","Gillam"
"399",9971,"eng","2002-05-01","Gillam/Normal/6m/6y46647nj.xml",83,5482,74.0015195383889,NA,"female",4,"Clinical-MOR","11312/c-00034088-1","Gillam"
"400",9972,"eng","2002-05-01","Gillam/Normal/6m/6y46651nj.xml",83,5482,80.0016427442042,NA,"female",4,"Clinical-MOR","11312/c-00034089-1","Gillam"
"401",9973,"eng","2002-04-26","Gillam/Normal/6m/6y46667nj.xml",83,5482,83.0017043471119,NA,"female",4,"Clinical-MOR","11312/c-00034090-1","Gillam"
"402",9974,"eng","2002-05-16","Gillam/Normal/6m/6y46700nj.xml",83,5482,81.0016632785067,NA,"female",4,"Clinical-MOR","11312/c-00034091-1","Gillam"
"403",9975,"eng","2002-05-16","Gillam/Normal/6m/6y46717nj.xml",83,5482,82.0016838128093,NA,"female",4,"Clinical-MOR","11312/c-00034092-1","Gillam"
"404",9976,"eng","2002-04-29","Gillam/Normal/6m/6y46742nj.xml",83,5482,73.0014990040863,NA,"female",4,"Clinical-MOR","11312/c-00034093-1","Gillam"
"405",9977,"eng","2002-05-01","Gillam/Normal/6m/6y46745nj.xml",83,5482,80.0016427442042,NA,"female",4,"Clinical-MOR","11312/c-00034094-1","Gillam"
"406",9978,"eng","2002-03-11","Gillam/Normal/6m/6y46801ca.xml",83,5482,83.0017043471119,NA,"female",4,"Clinical-MOR","11312/c-00034095-1","Gillam"
"407",9979,"eng","2002-03-07","Gillam/Normal/6m/6y46812ca.xml",83,5482,72.0014784697838,NA,"female",4,"Clinical-MOR","11312/c-00034096-1","Gillam"
"408",9980,"eng","2002-03-25","Gillam/Normal/6m/6y46822az.xml",83,5482,79.0016222099016,NA,"female",4,"Clinical-MOR","11312/c-00034097-1","Gillam"
"409",9981,"eng","2002-02-25","Gillam/Normal/6m/6y46913ca.xml",83,5482,76.001560606994,NA,"female",4,"Clinical-MOR","11312/c-00034098-1","Gillam"
"410",9982,"eng","2002-02-15","Gillam/Normal/6m/6y46949wy.xml",83,5482,81.0016632785067,NA,"female",4,"Clinical-MOR","11312/c-00034099-1","Gillam"
"411",9983,"eng","2002-02-06","Gillam/Normal/6m/6y46974wy.xml",83,5482,79.0016222099016,NA,"female",4,"Clinical-MOR","11312/c-00034100-1","Gillam"
"412",9984,"eng","2002-02-20","Gillam/Normal/6m/6y46986wy.xml",83,5482,76.001560606994,NA,"female",4,"Clinical-MOR","11312/c-00034101-1","Gillam"
"413",9985,"eng","2002-02-06","Gillam/Normal/6m/6y46998wy.xml",83,5482,82.0016838128093,NA,"female",4,"Clinical-MOR","11312/c-00034102-1","Gillam"
"414",9986,"eng","2002-04-26","Gillam/Normal/6m/6y47498tx.xml",83,5482,76.001560606994,NA,"female",4,"Clinical-MOR","11312/c-00034103-1","Gillam"
"415",9987,"eng","2002-04-12","Gillam/Normal/6m/6y48568v.xml",83,5482,73.0014990040863,NA,"female",4,"Clinical-MOR","11312/c-00034104-1","Gillam"
"416",9988,"eng","2002-04-11","Gillam/Normal/6m/6y48657v.xml",83,5482,81.0016632785067,NA,"female",4,"Clinical-MOR","11312/c-00034105-1","Gillam"
"417",9989,"eng","2002-11-05","Gillam/Normal/6m/6y54849nj.xml",83,5482,76.001560606994,NA,"female",4,"Clinical-MOR","11312/c-00034106-1","Gillam"
"418",9990,"eng","2002-03-01","Gillam/Normal/6m/6y57264tx.xml",83,5482,81.0016632785067,NA,"female",4,"Clinical-MOR","11312/c-00034107-1","Gillam"
"419",9991,"eng","2002-05-01","Gillam/Normal/6m/6y57268tx.xml",83,5482,81.0016632785067,NA,"female",4,"Clinical-MOR","11312/c-00034108-1","Gillam"
"420",9992,"eng","2002-05-01","Gillam/Normal/6m/6y57269tx.xml",83,5482,82.0016838128093,NA,"female",4,"Clinical-MOR","11312/c-00034109-1","Gillam"
"421",9993,"eng","2002-04-29","Gillam/Normal/6m/6y57274tx.xml",83,5482,83.0017043471119,NA,"female",4,"Clinical-MOR","11312/c-00034110-1","Gillam"
"422",9994,"eng","2002-04-24","Gillam/Normal/6m/6y57288tx.xml",83,5482,80.0016427442042,NA,"female",4,"Clinical-MOR","11312/c-00034111-1","Gillam"
"423",9995,"eng","2001-11-15","Gillam/Normal/7f/7y28796tx.xml",83,5482,87.0017864843221,NA,"female",4,"Clinical-MOR","11312/c-00034112-1","Gillam"
"424",9996,"eng","2001-11-26","Gillam/Normal/7f/7y28797tx.xml",83,5482,94.0019302244399,NA,"female",4,"Clinical-MOR","11312/c-00034113-1","Gillam"
"425",9997,"eng","2002-03-28","Gillam/Normal/7f/7y28838ca.xml",83,5482,89.0018275529272,NA,"female",4,"Clinical-MOR","11312/c-00034114-1","Gillam"
"426",9998,"eng","2001-12-15","Gillam/Normal/7f/7y31230tx.xml",83,5482,86.0017659500195,NA,"female",4,"Clinical-MOR","11312/c-00034115-1","Gillam"
"427",9999,"eng","2001-12-15","Gillam/Normal/7f/7y31235tx.xml",83,5482,89.0018275529272,NA,"female",4,"Clinical-MOR","11312/c-00034116-1","Gillam"
"428",10000,"eng","2002-02-25","Gillam/Normal/7f/7y39063wy.xml",83,5482,84.0017248814144,NA,"female",4,"Clinical-MOR","11312/c-00034117-1","Gillam"
"429",10001,"eng","2002-12-06","Gillam/Normal/7f/7y39347ks.xml",83,5482,92.0018891558348,NA,"female",4,"Clinical-MOR","11312/c-00034118-1","Gillam"
"430",10002,"eng","2002-11-26","Gillam/Normal/7f/7y39411ks.xml",83,5482,90.0018480872297,NA,"female",4,"Clinical-MOR","11312/c-00034119-1","Gillam"
"431",10003,"eng","2002-01-24","Gillam/Normal/7f/7y41600nv.xml",83,5482,95.0019507587425,NA,"female",4,"Clinical-MOR","11312/c-00034120-1","Gillam"
"432",10004,"eng","2002-01-18","Gillam/Normal/7f/7y41605nv.xml",83,5482,87.0017864843221,NA,"female",4,"Clinical-MOR","11312/c-00034121-1","Gillam"
"433",10005,"eng","2002-01-23","Gillam/Normal/7f/7y41614md.xml",83,5482,95.0019507587425,NA,"female",4,"Clinical-MOR","11312/c-00034122-1","Gillam"
"434",10006,"eng","2002-01-21","Gillam/Normal/7f/7y41627fl.xml",83,5482,94.0019302244399,NA,"female",4,"Clinical-MOR","11312/c-00034123-1","Gillam"
"435",10007,"eng","2002-03-18","Gillam/Normal/7f/7y41764ct.xml",83,5482,88.0018070186246,NA,"female",4,"Clinical-MOR","11312/c-00034124-1","Gillam"
"436",10008,"eng","2002-03-28","Gillam/Normal/7f/7y46076v.xml",83,5482,90.0018480872297,NA,"female",4,"Clinical-MOR","11312/c-00034125-1","Gillam"
"437",10009,"eng","2002-03-28","Gillam/Normal/7f/7y46086v.xml",83,5482,93.0019096901374,NA,"female",4,"Clinical-MOR","11312/c-00034126-1","Gillam"
"438",10010,"eng","2002-03-14","Gillam/Normal/7f/7y46128v.xml",83,5482,86.0017659500195,NA,"female",4,"Clinical-MOR","11312/c-00034127-1","Gillam"
"439",10011,"eng","2002-03-14","Gillam/Normal/7f/7y46131v.xml",83,5482,87.0017864843221,NA,"female",4,"Clinical-MOR","11312/c-00034128-1","Gillam"
"440",10012,"eng","2002-02-28","Gillam/Normal/7f/7y46144v.xml",83,5482,86.0017659500195,NA,"female",4,"Clinical-MOR","11312/c-00034129-1","Gillam"
"441",10013,"eng","2002-02-21","Gillam/Normal/7f/7y46181v.xml",83,5482,85.001745415717,NA,"female",4,"Clinical-MOR","11312/c-00034130-1","Gillam"
"442",10014,"eng","2002-02-21","Gillam/Normal/7f/7y46188v.xml",83,5482,86.0017659500195,NA,"female",4,"Clinical-MOR","11312/c-00034131-1","Gillam"
"443",10015,"eng","2002-02-21","Gillam/Normal/7f/7y46197v.xml",83,5482,94.0019302244399,NA,"female",4,"Clinical-MOR","11312/c-00034132-1","Gillam"
"444",10016,"eng","2002-02-04","Gillam/Normal/7f/7y46204wy.xml",83,5482,94.0019302244399,NA,"female",4,"Clinical-MOR","11312/c-00034133-1","Gillam"
"445",10017,"eng","2002-05-13","Gillam/Normal/7f/7y46646nj.xml",83,5482,84.0017248814144,NA,"female",4,"Clinical-MOR","11312/c-00034134-1","Gillam"
"446",10018,"eng","2002-05-01","Gillam/Normal/7f/7y46659nj.xml",83,5482,87.0017864843221,NA,"female",4,"Clinical-MOR","11312/c-00034135-1","Gillam"
"447",10019,"eng","2002-05-01","Gillam/Normal/7f/7y46660nj.xml",83,5482,86.0017659500195,NA,"female",4,"Clinical-MOR","11312/c-00034136-1","Gillam"
"448",10020,"eng","2002-05-03","Gillam/Normal/7f/7y46661nj.xml",83,5482,84.0017248814144,NA,"female",4,"Clinical-MOR","11312/c-00034137-1","Gillam"
"449",10021,"eng","2002-04-26","Gillam/Normal/7f/7y46666nj.xml",83,5482,91.0018686215323,NA,"female",4,"Clinical-MOR","11312/c-00034138-1","Gillam"
"450",10022,"eng","2002-05-01","Gillam/Normal/7f/7y46726nj.xml",83,5482,94.0019302244399,NA,"female",4,"Clinical-MOR","11312/c-00034139-1","Gillam"
"451",10023,"eng","2002-04-05","Gillam/Normal/7f/7y46729nj.xml",83,5482,91.0018686215323,NA,"female",4,"Clinical-MOR","11312/c-00034140-1","Gillam"
"452",10024,"eng","2002-05-01","Gillam/Normal/7f/7y46737nj.xml",83,5482,95.0019507587425,NA,"female",4,"Clinical-MOR","11312/c-00034141-1","Gillam"
"453",10025,"eng","2002-04-29","Gillam/Normal/7f/7y46744nj.xml",83,5482,90.0018480872297,NA,"female",4,"Clinical-MOR","11312/c-00034142-1","Gillam"
"454",10026,"eng","2002-05-01","Gillam/Normal/7f/7y46758nj.xml",83,5482,95.0019507587425,NA,"female",4,"Clinical-MOR","11312/c-00034143-1","Gillam"
"455",10027,"eng","2002-03-30","Gillam/Normal/7f/7y46773ca.xml",83,5482,84.0017248814144,NA,"female",4,"Clinical-MOR","11312/c-00034144-1","Gillam"
"456",10028,"eng","2002-03-27","Gillam/Normal/7f/7y46816ca.xml",83,5482,88.0018070186246,NA,"female",4,"Clinical-MOR","11312/c-00034145-1","Gillam"
"457",10029,"eng","2002-03-16","Gillam/Normal/7f/7y46826ca.xml",83,5482,86.0017659500195,NA,"female",4,"Clinical-MOR","11312/c-00034146-1","Gillam"
"458",10030,"eng","2002-03-28","Gillam/Normal/7f/7y46888ca.xml",83,5482,89.0018275529272,NA,"female",4,"Clinical-MOR","11312/c-00034147-1","Gillam"
"459",10031,"eng","2002-02-08","Gillam/Normal/7f/7y46922wy.xml",83,5482,93.0019096901374,NA,"female",4,"Clinical-MOR","11312/c-00034148-1","Gillam"
"460",10032,"eng","2002-02-22","Gillam/Normal/7f/7y46931wy.xml",83,5482,87.0017864843221,NA,"female",4,"Clinical-MOR","11312/c-00034149-1","Gillam"
"461",10033,"eng","2002-02-22","Gillam/Normal/7f/7y46933wy.xml",83,5482,84.0017248814144,NA,"female",4,"Clinical-MOR","11312/c-00034150-1","Gillam"
"462",10034,"eng","2002-02-15","Gillam/Normal/7f/7y46962wy.xml",83,5482,94.0019302244399,NA,"female",4,"Clinical-MOR","11312/c-00034151-1","Gillam"
"463",10035,"eng","2002-02-11","Gillam/Normal/7f/7y46985wy.xml",83,5482,92.0018891558348,NA,"female",4,"Clinical-MOR","11312/c-00034152-1","Gillam"
"464",10036,"eng","2002-02-08","Gillam/Normal/7f/7y47009wy.xml",83,5482,88.0018070186246,NA,"female",4,"Clinical-MOR","11312/c-00034153-1","Gillam"
"465",10037,"eng","2002-05-01","Gillam/Normal/7f/7y47499tx.xml",83,5482,94.0019302244399,NA,"female",4,"Clinical-MOR","11312/c-00034154-1","Gillam"
"466",10038,"eng","2002-04-12","Gillam/Normal/7f/7y48641v.xml",83,5482,93.0019096901374,NA,"female",4,"Clinical-MOR","11312/c-00034155-1","Gillam"
"467",10039,"eng","2002-03-15","Gillam/Normal/7f/7y48658v.xml",83,5482,85.001745415717,NA,"female",4,"Clinical-MOR","11312/c-00034156-1","Gillam"
"468",10040,"eng","2002-04-11","Gillam/Normal/7f/7y48660v.xml",83,5482,93.0019096901374,NA,"female",4,"Clinical-MOR","11312/c-00034157-1","Gillam"
"469",10041,"eng","2002-12-04","Gillam/Normal/7f/7y54971ks.xml",83,5482,86.0017659500195,NA,"female",4,"Clinical-MOR","11312/c-00034158-1","Gillam"
"470",10042,"eng","2002-12-06","Gillam/Normal/7f/7y54986ks.xml",83,5482,84.0017248814144,NA,"female",4,"Clinical-MOR","11312/c-00034159-1","Gillam"
"471",10043,"eng","2001-12-01","Gillam/Normal/7f/7y57267tx.xml",83,5482,86.0017659500195,NA,"female",4,"Clinical-MOR","11312/c-00034160-1","Gillam"
"472",10044,"eng","2002-04-25","Gillam/Normal/7f/7y57285tx.xml",83,5482,89.0018275529272,NA,"female",4,"Clinical-MOR","11312/c-00034161-1","Gillam"
"473",10045,"eng","2001-11-15","Gillam/Normal/7m/7y28784tx.xml",83,5482,88.0018070186246,NA,"female",4,"Clinical-MOR","11312/c-00034162-1","Gillam"
"474",10046,"eng","2001-10-28","Gillam/Normal/7m/7y28786tx.xml",83,5482,88.0018070186246,NA,"female",4,"Clinical-MOR","11312/c-00034163-1","Gillam"
"475",10047,"eng","2001-12-05","Gillam/Normal/7m/7y31222tx.xml",83,5482,91.0018686215323,NA,"female",4,"Clinical-MOR","11312/c-00034164-1","Gillam"
"476",10048,"eng","2002-01-04","Gillam/Normal/7m/7y31236tx.xml",83,5482,89.0018275529272,NA,"female",4,"Clinical-MOR","11312/c-00034165-1","Gillam"
"477",10049,"eng","2001-12-15","Gillam/Normal/7m/7y31241tx.xml",83,5482,86.0017659500195,NA,"female",4,"Clinical-MOR","11312/c-00034166-1","Gillam"
"478",10050,"eng","2002-02-25","Gillam/Normal/7m/7y39064wy.xml",83,5482,84.0017248814144,NA,"female",4,"Clinical-MOR","11312/c-00034167-1","Gillam"
"479",10051,"eng","2002-11-26","Gillam/Normal/7m/7y39331ks.xml",83,5482,95.0019507587425,NA,"female",4,"Clinical-MOR","11312/c-00034168-1","Gillam"
"480",10052,"eng","2002-12-06","Gillam/Normal/7m/7y39346ks.xml",83,5482,86.0017659500195,NA,"female",4,"Clinical-MOR","11312/c-00034169-1","Gillam"
"481",10053,"eng","2002-11-26","Gillam/Normal/7m/7y39354ks.xml",83,5482,91.0018686215323,NA,"female",4,"Clinical-MOR","11312/c-00034170-1","Gillam"
"482",10054,"eng","2002-02-26","Gillam/Normal/7m/7y41303oh.xml",83,5482,86.0017659500195,NA,"female",4,"Clinical-MOR","11312/c-00034171-1","Gillam"
"483",10055,"eng","2002-02-19","Gillam/Normal/7m/7y41314oh.xml",83,5482,94.0019302244399,NA,"female",4,"Clinical-MOR","11312/c-00034172-1","Gillam"
"484",10056,"eng","2002-02-19","Gillam/Normal/7m/7y41316oh.xml",83,5482,95.0019507587425,NA,"female",4,"Clinical-MOR","11312/c-00034173-1","Gillam"
"485",10057,"eng","2002-02-19","Gillam/Normal/7m/7y41324oh.xml",83,5482,87.0017864843221,NA,"female",4,"Clinical-MOR","11312/c-00034174-1","Gillam"
"486",10058,"eng","2002-02-27","Gillam/Normal/7m/7y41593ny.xml",83,5482,94.0019302244399,NA,"female",4,"Clinical-MOR","11312/c-00034175-1","Gillam"
"487",10059,"eng","2002-02-26","Gillam/Normal/7m/7y41595ny.xml",83,5482,90.0018480872297,NA,"female",4,"Clinical-MOR","11312/c-00034176-1","Gillam"
"488",10060,"eng","2002-02-26","Gillam/Normal/7m/7y41596ny.xml",83,5482,88.0018070186246,NA,"female",4,"Clinical-MOR","11312/c-00034177-1","Gillam"
"489",10061,"eng","2002-02-08","Gillam/Normal/7m/7y41599nv.xml",83,5482,92.0018891558348,NA,"female",4,"Clinical-MOR","11312/c-00034178-1","Gillam"
"490",10062,"eng","2002-03-01","Gillam/Normal/7m/7y41696il.xml",83,5482,88.0018070186246,NA,"female",4,"Clinical-MOR","11312/c-00034179-1","Gillam"
"491",10063,"eng","2002-02-28","Gillam/Normal/7m/7y41730ny.xml",83,5482,93.0019096901374,NA,"female",4,"Clinical-MOR","11312/c-00034180-1","Gillam"
"492",10064,"eng","2002-02-28","Gillam/Normal/7m/7y41734ny.xml",83,5482,95.0019507587425,NA,"female",4,"Clinical-MOR","11312/c-00034181-1","Gillam"
"493",10065,"eng","2002-02-20","Gillam/Normal/7m/7y41761ct.xml",83,5482,93.0019096901374,NA,"female",4,"Clinical-MOR","11312/c-00034182-1","Gillam"
"494",10066,"eng","2002-02-22","Gillam/Normal/7m/7y41762ct.xml",83,5482,90.0018480872297,NA,"female",4,"Clinical-MOR","11312/c-00034183-1","Gillam"
"495",10067,"eng","2002-03-27","Gillam/Normal/7m/7y46085v.xml",83,5482,94.0019302244399,NA,"female",4,"Clinical-MOR","11312/c-00034184-1","Gillam"
"496",10068,"eng","2002-03-14","Gillam/Normal/7m/7y46129v.xml",83,5482,84.0017248814144,NA,"female",4,"Clinical-MOR","11312/c-00034185-1","Gillam"
"497",10069,"eng","2002-03-14","Gillam/Normal/7m/7y46130v.xml",83,5482,86.0017659500195,NA,"female",4,"Clinical-MOR","11312/c-00034186-1","Gillam"
"498",10070,"eng","2002-02-28","Gillam/Normal/7m/7y46145v.xml",83,5482,89.0018275529272,NA,"female",4,"Clinical-MOR","11312/c-00034187-1","Gillam"
"499",10071,"eng","2002-02-21","Gillam/Normal/7m/7y46179v.xml",83,5482,86.0017659500195,NA,"female",4,"Clinical-MOR","11312/c-00034188-1","Gillam"
"500",10072,"eng","2002-02-21","Gillam/Normal/7m/7y46183v.xml",83,5482,86.0017659500195,NA,"female",4,"Clinical-MOR","11312/c-00034189-1","Gillam"
"501",10073,"eng","2002-05-13","Gillam/Normal/7m/7y46645nj.xml",83,5482,84.0017248814144,NA,"female",4,"Clinical-MOR","11312/c-00034190-1","Gillam"
"502",10074,"eng","2002-05-03","Gillam/Normal/7m/7y46662nj.xml",83,5482,91.0018686215323,NA,"female",4,"Clinical-MOR","11312/c-00034191-1","Gillam"
"503",10075,"eng","2002-05-03","Gillam/Normal/7m/7y46664nj.xml",83,5482,85.001745415717,NA,"female",4,"Clinical-MOR","11312/c-00034192-1","Gillam"
"504",10076,"eng","2002-05-03","Gillam/Normal/7m/7y46665nj.xml",83,5482,88.0018070186246,NA,"female",4,"Clinical-MOR","11312/c-00034193-1","Gillam"
"505",10077,"eng","2002-04-26","Gillam/Normal/7m/7y46668nj.xml",83,5482,91.0018686215323,NA,"female",4,"Clinical-MOR","11312/c-00034194-1","Gillam"
"506",10078,"eng","2002-04-26","Gillam/Normal/7m/7y46669nj.xml",83,5482,87.0017864843221,NA,"female",4,"Clinical-MOR","11312/c-00034195-1","Gillam"
"507",10079,"eng","2002-05-01","Gillam/Normal/7m/7y46746nj.xml",83,5482,88.0018070186246,NA,"female",4,"Clinical-MOR","11312/c-00034196-1","Gillam"
"508",10080,"eng","2002-05-01","Gillam/Normal/7m/7y46747nj.xml",83,5482,94.0019302244399,NA,"female",4,"Clinical-MOR","11312/c-00034197-1","Gillam"
"509",10081,"eng","2002-03-27","Gillam/Normal/7m/7y46765nj.xml",83,5482,93.0019096901374,NA,"female",4,"Clinical-MOR","11312/c-00034198-1","Gillam"
"510",10082,"eng","2002-03-19","Gillam/Normal/7m/7y46901ca.xml",83,5482,89.0018275529272,NA,"female",4,"Clinical-MOR","11312/c-00034199-1","Gillam"
"511",10083,"eng","2002-03-19","Gillam/Normal/7m/7y46902ca.xml",83,5482,86.0017659500195,NA,"female",4,"Clinical-MOR","11312/c-00034200-1","Gillam"
"512",10084,"eng","2002-03-14","Gillam/Normal/7m/7y46917ca.xml",83,5482,93.0019096901374,NA,"female",4,"Clinical-MOR","11312/c-00034201-1","Gillam"
"513",10085,"eng","2002-02-22","Gillam/Normal/7m/7y46932wy.xml",83,5482,87.0017864843221,NA,"female",4,"Clinical-MOR","11312/c-00034202-1","Gillam"
"514",10086,"eng","2002-02-15","Gillam/Normal/7m/7y46969wy.xml",83,5482,93.0019096901374,NA,"female",4,"Clinical-MOR","11312/c-00034203-1","Gillam"
"515",10087,"eng","2002-12-04","Gillam/Normal/7m/7y54969ks.xml",83,5482,87.0017864843221,NA,"female",4,"Clinical-MOR","11312/c-00034204-1","Gillam"
"516",10088,"eng","2002-12-04","Gillam/Normal/7m/7y54970ks.xml",83,5482,86.0017659500195,NA,"female",4,"Clinical-MOR","11312/c-00034205-1","Gillam"
"517",10089,"eng","2002-12-04","Gillam/Normal/7m/7y54972ks.xml",83,5482,87.0017864843221,NA,"female",4,"Clinical-MOR","11312/c-00034206-1","Gillam"
"518",10090,"eng","2002-12-06","Gillam/Normal/7m/7y54985ks.xml",83,5482,87.0017864843221,NA,"female",4,"Clinical-MOR","11312/c-00034207-1","Gillam"
"519",10091,"eng","2002-12-10","Gillam/Normal/7m/7y54993ks.xml",83,5482,95.0019507587425,NA,"female",4,"Clinical-MOR","11312/c-00034208-1","Gillam"
"520",10092,"eng","2002-04-23","Gillam/Normal/7m/7y57263tx.xml",83,5482,87.0017864843221,NA,"female",4,"Clinical-MOR","11312/c-00034209-1","Gillam"
"521",10093,"eng","2002-08-01","Gillam/Normal/7m/7y57266tx.xml",83,5482,90.0018480872297,NA,"female",4,"Clinical-MOR","11312/c-00034210-1","Gillam"
"522",10094,"eng","2002-04-29","Gillam/Normal/7m/7y57275tx.xml",83,5482,92.0018891558348,NA,"female",4,"Clinical-MOR","11312/c-00034211-1","Gillam"
"523",10095,"eng","2001-12-15","Gillam/Normal/8f/8y31213tx.xml",83,5482,97.0019918273476,NA,"female",4,"Clinical-MOR","11312/c-00034212-1","Gillam"
"524",10096,"eng","2001-12-06","Gillam/Normal/8f/8y31232tx.xml",83,5482,103.002115033163,NA,"female",4,"Clinical-MOR","11312/c-00034213-1","Gillam"
"525",10097,"eng","2002-01-01","Gillam/Normal/8f/8y37446fl.xml",83,5482,98.0020123616501,NA,"female",4,"Clinical-MOR","11312/c-00034214-1","Gillam"
"526",10098,"eng","2002-12-13","Gillam/Normal/8f/8y39322ks.xml",83,5482,104.002135567465,NA,"female",4,"Clinical-MOR","11312/c-00034215-1","Gillam"
"527",10099,"eng","2002-12-05","Gillam/Normal/8f/8y39333ks.xml",83,5482,99.0020328959527,NA,"female",4,"Clinical-MOR","11312/c-00034216-1","Gillam"
"528",10100,"eng","2002-12-03","Gillam/Normal/8f/8y39348ks.xml",83,5482,99.0020328959527,NA,"female",4,"Clinical-MOR","11312/c-00034217-1","Gillam"
"529",10101,"eng","2002-04-30","Gillam/Normal/8f/8y39562oh.xml",83,5482,105.002156101768,NA,"female",4,"Clinical-MOR","11312/c-00034218-1","Gillam"
"530",10102,"eng","2002-02-12","Gillam/Normal/8f/8y41307oh.xml",83,5482,96.001971293045,NA,"female",4,"Clinical-MOR","11312/c-00034219-1","Gillam"
"531",10103,"eng","2002-04-16","Gillam/Normal/8f/8y41339oh.xml",83,5482,104.002135567465,NA,"female",4,"Clinical-MOR","11312/c-00034220-1","Gillam"
"532",10104,"eng","2002-03-01","Gillam/Normal/8f/8y41590ny.xml",83,5482,97.0019918273476,NA,"female",4,"Clinical-MOR","11312/c-00034221-1","Gillam"
"533",10105,"eng","2002-02-26","Gillam/Normal/8f/8y41594ny.xml",83,5482,96.001971293045,NA,"female",4,"Clinical-MOR","11312/c-00034222-1","Gillam"
"534",10106,"eng","2002-01-18","Gillam/Normal/8f/8y41604nv.xml",83,5482,102.00209449886,NA,"female",4,"Clinical-MOR","11312/c-00034223-1","Gillam"
"535",10107,"eng","2002-03-05","Gillam/Normal/8f/8y41680ak.xml",83,5482,102.00209449886,NA,"female",4,"Clinical-MOR","11312/c-00034224-1","Gillam"
"536",10108,"eng","2002-03-09","Gillam/Normal/8f/8y41682ak.xml",83,5482,102.00209449886,NA,"female",4,"Clinical-MOR","11312/c-00034225-1","Gillam"
"537",10109,"eng","2002-02-28","Gillam/Normal/8f/8y41700il.xml",83,5482,100.002053430255,NA,"female",4,"Clinical-MOR","11312/c-00034226-1","Gillam"
"538",10110,"eng","2002-02-21","Gillam/Normal/8f/8y41701il.xml",83,5482,104.002135567465,NA,"female",4,"Clinical-MOR","11312/c-00034227-1","Gillam"
"539",10111,"eng","2002-02-28","Gillam/Normal/8f/8y41727ny.xml",83,5482,96.001971293045,NA,"female",4,"Clinical-MOR","11312/c-00034228-1","Gillam"
"540",10112,"eng","2002-03-14","Gillam/Normal/8f/8y41755me.xml",83,5482,99.0020328959527,NA,"female",4,"Clinical-MOR","11312/c-00034229-1","Gillam"
"541",10113,"eng","2002-03-28","Gillam/Normal/8f/8y46075v.xml",83,5482,100.002053430255,NA,"female",4,"Clinical-MOR","11312/c-00034230-1","Gillam"
"542",10114,"eng","2002-02-22","Gillam/Normal/8f/8y46150v.xml",83,5482,103.002115033163,NA,"female",4,"Clinical-MOR","11312/c-00034231-1","Gillam"
"543",10115,"eng","2002-02-22","Gillam/Normal/8f/8y46160v.xml",83,5482,106.002176636071,NA,"female",4,"Clinical-MOR","11312/c-00034232-1","Gillam"
"544",10116,"eng","2002-02-22","Gillam/Normal/8f/8y46167v.xml",83,5482,106.002176636071,NA,"female",4,"Clinical-MOR","11312/c-00034233-1","Gillam"
"545",10117,"eng","2002-02-22","Gillam/Normal/8f/8y46169v.xml",83,5482,101.002073964558,NA,"female",4,"Clinical-MOR","11312/c-00034234-1","Gillam"
"546",10118,"eng","2002-02-22","Gillam/Normal/8f/8y46170v.xml",83,5482,103.002115033163,NA,"female",4,"Clinical-MOR","11312/c-00034235-1","Gillam"
"547",10119,"eng","2002-05-01","Gillam/Normal/8f/8y46724nj.xml",83,5482,107.002197170373,NA,"female",4,"Clinical-MOR","11312/c-00034236-1","Gillam"
"548",10120,"eng","2002-04-05","Gillam/Normal/8f/8y46732nj.xml",83,5482,98.0020123616501,NA,"female",4,"Clinical-MOR","11312/c-00034237-1","Gillam"
"549",10121,"eng","2002-04-01","Gillam/Normal/8f/8y46736nj.xml",83,5482,102.00209449886,NA,"female",4,"Clinical-MOR","11312/c-00034238-1","Gillam"
"550",10122,"eng","2002-05-01","Gillam/Normal/8f/8y46738nj.xml",83,5482,97.0019918273476,NA,"female",4,"Clinical-MOR","11312/c-00034239-1","Gillam"
"551",10123,"eng","2002-03-22","Gillam/Normal/8f/8y46761nj.xml",83,5482,105.002156101768,NA,"female",4,"Clinical-MOR","11312/c-00034240-1","Gillam"
"552",10124,"eng","2002-03-30","Gillam/Normal/8f/8y46772ca.xml",83,5482,97.0019918273476,NA,"female",4,"Clinical-MOR","11312/c-00034241-1","Gillam"
"553",10125,"eng","2002-03-28","Gillam/Normal/8f/8y46775ca.xml",83,5482,107.002197170373,NA,"female",4,"Clinical-MOR","11312/c-00034242-1","Gillam"
"554",10126,"eng","2002-03-20","Gillam/Normal/8f/8y46779ca.xml",83,5482,100.002053430255,NA,"female",4,"Clinical-MOR","11312/c-00034243-1","Gillam"
"555",10127,"eng","2002-03-29","Gillam/Normal/8f/8y46782ca.xml",83,5482,107.002197170373,NA,"female",4,"Clinical-MOR","11312/c-00034244-1","Gillam"
"556",10128,"eng","2002-03-05","Gillam/Normal/8f/8y46791ca.xml",83,5482,97.0019918273476,NA,"female",4,"Clinical-MOR","11312/c-00034245-1","Gillam"
"557",10129,"eng","2002-03-26","Gillam/Normal/8f/8y46815ca.xml",83,5482,100.002053430255,NA,"female",4,"Clinical-MOR","11312/c-00034246-1","Gillam"
"558",10130,"eng","2002-03-29","Gillam/Normal/8f/8y46818az.xml",83,5482,98.0020123616501,NA,"female",4,"Clinical-MOR","11312/c-00034247-1","Gillam"
"559",10131,"eng","2002-02-15","Gillam/Normal/8f/8y46968wy.xml",83,5482,104.002135567465,NA,"female",4,"Clinical-MOR","11312/c-00034248-1","Gillam"
"560",10132,"eng","2002-02-11","Gillam/Normal/8f/8y46979wy.xml",83,5482,107.002197170373,NA,"female",4,"Clinical-MOR","11312/c-00034249-1","Gillam"
"561",10133,"eng","2002-02-11","Gillam/Normal/8f/8y46983wy.xml",83,5482,106.002176636071,NA,"female",4,"Clinical-MOR","11312/c-00034250-1","Gillam"
"562",10134,"eng","2002-02-08","Gillam/Normal/8f/8y47050wy.xml",83,5482,104.002135567465,NA,"female",4,"Clinical-MOR","11312/c-00034251-1","Gillam"
"563",10135,"eng","2002-04-01","Gillam/Normal/8f/8y47496tx.xml",83,5482,96.001971293045,NA,"female",4,"Clinical-MOR","11312/c-00034252-1","Gillam"
"564",10136,"eng","2002-04-12","Gillam/Normal/8f/8y48635v.xml",83,5482,104.002135567465,NA,"female",4,"Clinical-MOR","11312/c-00034253-1","Gillam"
"565",10137,"eng","2002-04-12","Gillam/Normal/8f/8y48636v.xml",83,5482,105.002156101768,NA,"female",4,"Clinical-MOR","11312/c-00034254-1","Gillam"
"566",10138,"eng","2002-04-11","Gillam/Normal/8f/8y48661v.xml",83,5482,100.002053430255,NA,"female",4,"Clinical-MOR","11312/c-00034255-1","Gillam"
"567",10139,"eng","2002-02-22","Gillam/Normal/8f/8y50062wy.xml",83,5482,103.002115033163,NA,"female",4,"Clinical-MOR","11312/c-00034256-1","Gillam"
"568",10140,"eng","2002-11-01","Gillam/Normal/8f/8y54835ma.xml",83,5482,106.002176636071,NA,"female",4,"Clinical-MOR","11312/c-00034257-1","Gillam"
"569",10141,"eng","2002-11-11","Gillam/Normal/8f/8y54919co.xml",83,5482,102.00209449886,NA,"female",4,"Clinical-MOR","11312/c-00034258-1","Gillam"
"570",10142,"eng","2002-04-26","Gillam/Normal/8f/8y57277tx.xml",83,5482,97.0019918273476,NA,"female",4,"Clinical-MOR","11312/c-00034259-1","Gillam"
"571",10143,"eng","2002-04-10","Gillam/Normal/8f/8y57279tx.xml",83,5482,97.0019918273476,NA,"female",4,"Clinical-MOR","11312/c-00034260-1","Gillam"
"572",10144,"eng","2002-04-01","Gillam/Normal/8f/8y57284tx.xml",83,5482,96.001971293045,NA,"female",4,"Clinical-MOR","11312/c-00034261-1","Gillam"
"573",10145,"eng","2002-02-16","Gillam/Normal/8m/08y41512nm.xml",83,5482,100.002053430255,NA,"female",4,"Clinical-MOR","11312/c-00034262-1","Gillam"
"574",10146,"eng","2002-07-15","Gillam/Normal/8m/8y28777tx.xml",83,5482,97.0019918273476,NA,"female",4,"Clinical-MOR","11312/c-00034263-1","Gillam"
"575",10147,"eng","2001-11-15","Gillam/Normal/8m/8y28785tx.xml",83,5482,98.0020123616501,NA,"female",4,"Clinical-MOR","11312/c-00034264-1","Gillam"
"576",10148,"eng","2001-12-10","Gillam/Normal/8m/8y31200tx.xml",83,5482,107.002197170373,NA,"female",4,"Clinical-MOR","11312/c-00034265-1","Gillam"
"577",10149,"eng","2001-12-15","Gillam/Normal/8m/8y31202tx.xml",83,5482,99.0020328959527,NA,"female",4,"Clinical-MOR","11312/c-00034266-1","Gillam"
"578",10150,"eng","2001-12-15","Gillam/Normal/8m/8y31229tx.xml",83,5482,100.002053430255,NA,"female",4,"Clinical-MOR","11312/c-00034267-1","Gillam"
"579",10151,"eng","2002-12-02","Gillam/Normal/8m/8y39328ks.xml",83,5482,100.002053430255,NA,"female",4,"Clinical-MOR","11312/c-00034268-1","Gillam"
"580",10152,"eng","2002-12-26","Gillam/Normal/8m/8y39330ks.xml",83,5482,96.001971293045,NA,"female",4,"Clinical-MOR","11312/c-00034269-1","Gillam"
"581",10153,"eng","2002-11-26","Gillam/Normal/8m/8y39332ks.xml",83,5482,101.002073964558,NA,"female",4,"Clinical-MOR","11312/c-00034270-1","Gillam"
"582",10154,"eng","2002-12-05","Gillam/Normal/8m/8y39334ks.xml",83,5482,102.00209449886,NA,"female",4,"Clinical-MOR","11312/c-00034271-1","Gillam"
"583",10155,"eng","2002-12-03","Gillam/Normal/8m/8y39350ks.xml",83,5482,104.002135567465,NA,"female",4,"Clinical-MOR","11312/c-00034272-1","Gillam"
"584",10156,"eng","2002-11-26","Gillam/Normal/8m/8y39409ks.xml",83,5482,100.002053430255,NA,"female",4,"Clinical-MOR","11312/c-00034273-1","Gillam"
"585",10157,"eng","2002-11-26","Gillam/Normal/8m/8y39410ks.xml",83,5482,103.002115033163,NA,"female",4,"Clinical-MOR","11312/c-00034274-1","Gillam"
"586",10158,"eng","2002-04-23","Gillam/Normal/8m/8y39559oh.xml",83,5482,105.002156101768,NA,"female",4,"Clinical-MOR","11312/c-00034275-1","Gillam"
"587",10159,"eng","2002-04-23","Gillam/Normal/8m/8y39567oh.xml",83,5482,107.002197170373,NA,"female",4,"Clinical-MOR","11312/c-00034276-1","Gillam"
"588",10160,"eng","2001-12-13","Gillam/Normal/8m/8y39702tx.xml",83,5482,100.002053430255,NA,"female",4,"Clinical-MOR","11312/c-00034277-1","Gillam"
"589",10161,"eng","2002-05-01","Gillam/Normal/8m/8y39710tx.xml",83,5482,104.002135567465,NA,"female",4,"Clinical-MOR","11312/c-00034278-1","Gillam"
"590",10162,"eng","2002-02-12","Gillam/Normal/8m/8y41310oh.xml",83,5482,99.0020328959527,NA,"female",4,"Clinical-MOR","11312/c-00034279-1","Gillam"
"591",10163,"eng","2002-02-19","Gillam/Normal/8m/8y41319oh.xml",83,5482,100.002053430255,NA,"female",4,"Clinical-MOR","11312/c-00034280-1","Gillam"
"592",10164,"eng","2002-02-12","Gillam/Normal/8m/8y41327oh.xml",83,5482,96.001971293045,NA,"female",4,"Clinical-MOR","11312/c-00034281-1","Gillam"
"593",10165,"eng","2002-03-02","Gillam/Normal/8m/8y41509nm.xml",83,5482,103.002115033163,NA,"female",4,"Clinical-MOR","11312/c-00034282-1","Gillam"
"594",10166,"eng","2002-01-18","Gillam/Normal/8m/8y41603nv.xml",83,5482,100.002053430255,NA,"female",4,"Clinical-MOR","11312/c-00034283-1","Gillam"
"595",10167,"eng","2002-02-28","Gillam/Normal/8m/8y41728ny.xml",83,5482,96.001971293045,NA,"female",4,"Clinical-MOR","11312/c-00034284-1","Gillam"
"596",10168,"eng","2002-05-13","Gillam/Normal/8m/8y46650nj.xml",83,5482,106.002176636071,NA,"female",4,"Clinical-MOR","11312/c-00034285-1","Gillam"
"597",10169,"eng","2002-05-10","Gillam/Normal/8m/8y46655nj.xml",83,5482,108.002217704676,NA,"female",4,"Clinical-MOR","11312/c-00034286-1","Gillam"
"598",10170,"eng","2002-05-01","Gillam/Normal/8m/8y46656nj.xml",83,5482,104.002135567465,NA,"female",4,"Clinical-MOR","11312/c-00034287-1","Gillam"
"599",10171,"eng","2002-05-01","Gillam/Normal/8m/8y46658nj.xml",83,5482,106.002176636071,NA,"female",4,"Clinical-MOR","11312/c-00034288-1","Gillam"
"600",10172,"eng","2002-05-01","Gillam/Normal/8m/8y46715nj.xml",83,5482,98.0020123616501,NA,"female",4,"Clinical-MOR","11312/c-00034289-1","Gillam"
"601",10173,"eng","2002-04-05","Gillam/Normal/8m/8y46727nj.xml",83,5482,100.002053430255,NA,"female",4,"Clinical-MOR","11312/c-00034290-1","Gillam"
"602",10174,"eng","2002-04-05","Gillam/Normal/8m/8y46728nj.xml",83,5482,96.001971293045,NA,"female",4,"Clinical-MOR","11312/c-00034291-1","Gillam"
"603",10175,"eng","2002-03-05","Gillam/Normal/8m/8y46790ca.xml",83,5482,102.00209449886,NA,"female",4,"Clinical-MOR","11312/c-00034292-1","Gillam"
"604",10176,"eng","2002-03-06","Gillam/Normal/8m/8y46809ca.xml",83,5482,100.002053430255,NA,"female",4,"Clinical-MOR","11312/c-00034293-1","Gillam"
"605",10177,"eng","2002-03-26","Gillam/Normal/8m/8y46813ca.xml",83,5482,107.002197170373,NA,"female",4,"Clinical-MOR","11312/c-00034294-1","Gillam"
"606",10178,"eng","2002-03-26","Gillam/Normal/8m/8y46814ca.xml",83,5482,100.002053430255,NA,"female",4,"Clinical-MOR","11312/c-00034295-1","Gillam"
"607",10179,"eng","2002-03-27","Gillam/Normal/8m/8y46817ca.xml",83,5482,101.002073964558,NA,"female",4,"Clinical-MOR","11312/c-00034296-1","Gillam"
"608",10180,"eng","1984-01-01","Gillam/Normal/8m/8y46829ca.xml",83,5482,96.001971293045,NA,"female",4,"Clinical-MOR","11312/c-00034297-1","Gillam"
"609",10181,"eng","1984-01-01","Gillam/Normal/8m/8y46830ca.xml",83,5482,96.001971293045,NA,"female",4,"Clinical-MOR","11312/c-00034298-1","Gillam"
"610",10182,"eng","2002-03-18","Gillam/Normal/8m/8y46885ca.xml",83,5482,102.00209449886,NA,"female",4,"Clinical-MOR","11312/c-00034299-1","Gillam"
"611",10183,"eng","2002-02-28","Gillam/Normal/8m/8y46893ca.xml",83,5482,103.002115033163,NA,"female",4,"Clinical-MOR","11312/c-00034300-1","Gillam"
"612",10184,"eng","2002-02-08","Gillam/Normal/8m/8y46920wy.xml",83,5482,99.0020328959527,NA,"female",4,"Clinical-MOR","11312/c-00034301-1","Gillam"
"613",10185,"eng","2002-02-04","Gillam/Normal/8m/8y46927wy.xml",83,5482,97.0019918273476,NA,"female",4,"Clinical-MOR","11312/c-00034302-1","Gillam"
"614",10186,"eng","2002-02-04","Gillam/Normal/8m/8y46928wy.xml",83,5482,103.002115033163,NA,"female",4,"Clinical-MOR","11312/c-00034303-1","Gillam"
"615",10187,"eng","2002-02-13","Gillam/Normal/8m/8y46942wy.xml",83,5482,101.002073964558,NA,"female",4,"Clinical-MOR","11312/c-00034304-1","Gillam"
"616",10188,"eng","2002-02-13","Gillam/Normal/8m/8y46951wy.xml",83,5482,102.00209449886,NA,"female",4,"Clinical-MOR","11312/c-00034305-1","Gillam"
"617",10189,"eng","2002-02-20","Gillam/Normal/8m/8y46957wy.xml",83,5482,104.002135567465,NA,"female",4,"Clinical-MOR","11312/c-00034306-1","Gillam"
"618",10190,"eng","2002-02-15","Gillam/Normal/8m/8y46959wy.xml",83,5482,99.0020328959527,NA,"female",4,"Clinical-MOR","11312/c-00034307-1","Gillam"
"619",10191,"eng","2002-02-11","Gillam/Normal/8m/8y46981wy.xml",83,5482,101.002073964558,NA,"female",4,"Clinical-MOR","11312/c-00034308-1","Gillam"
"620",10192,"eng","2002-02-11","Gillam/Normal/8m/8y47002wy.xml",83,5482,97.0019918273476,NA,"female",4,"Clinical-MOR","11312/c-00034309-1","Gillam"
"621",10193,"eng","2002-02-04","Gillam/Normal/8m/8y47003wy.xml",83,5482,104.002135567465,NA,"female",4,"Clinical-MOR","11312/c-00034310-1","Gillam"
"622",10194,"eng","2002-02-08","Gillam/Normal/8m/8y47024wy.xml",83,5482,96.001971293045,NA,"female",4,"Clinical-MOR","11312/c-00034311-1","Gillam"
"623",10195,"eng","2002-04-10","Gillam/Normal/8m/8y57278tx.xml",83,5482,98.0020123616501,NA,"female",4,"Clinical-MOR","11312/c-00034312-1","Gillam"
"624",10196,"eng","2002-04-30","Gillam/Normal/9f/09y39583oh.xml",83,5482,117.002402513399,NA,"female",4,"Clinical-MOR","11312/c-00034313-1","Gillam"
"625",10197,"eng","2002-12-13","Gillam/Normal/9f/9y39318ks.xml",83,5482,115.002361444794,NA,"female",4,"Clinical-MOR","11312/c-00034314-1","Gillam"
"626",10198,"eng","2002-12-13","Gillam/Normal/9f/9y39323ks.xml",83,5482,108.002217704676,NA,"female",4,"Clinical-MOR","11312/c-00034315-1","Gillam"
"627",10199,"eng","2002-01-08","Gillam/Normal/9f/9y39667tx.xml",83,5482,118.002423047701,NA,"female",4,"Clinical-MOR","11312/c-00034316-1","Gillam"
"628",10200,"eng","2002-01-18","Gillam/Normal/9f/9y41621fl.xml",83,5482,115.002361444794,NA,"female",4,"Clinical-MOR","11312/c-00034317-1","Gillam"
"629",10201,"eng","2002-03-05","Gillam/Normal/9f/9y41625fl.xml",83,5482,113.002320376188,NA,"female",4,"Clinical-MOR","11312/c-00034318-1","Gillam"
"630",10202,"eng","2002-01-21","Gillam/Normal/9f/9y41629fl.xml",83,5482,109.002238238978,NA,"female",4,"Clinical-MOR","11312/c-00034319-1","Gillam"
"631",10203,"eng","2002-02-14","Gillam/Normal/9f/9y41763ct.xml",83,5482,119.002443582004,NA,"female",4,"Clinical-MOR","11312/c-00034320-1","Gillam"
"632",10204,"eng","2002-03-18","Gillam/Normal/9f/9y41765ct.xml",83,5482,118.002423047701,NA,"female",4,"Clinical-MOR","11312/c-00034321-1","Gillam"
"633",10205,"eng","2002-02-28","Gillam/Normal/9f/9y46133v.xml",83,5482,119.002443582004,NA,"female",4,"Clinical-MOR","11312/c-00034322-1","Gillam"
"634",10206,"eng","2002-02-28","Gillam/Normal/9f/9y46134v.xml",83,5482,119.002443582004,NA,"female",4,"Clinical-MOR","11312/c-00034323-1","Gillam"
"635",10207,"eng","2002-02-28","Gillam/Normal/9f/9y46139v.xml",83,5482,115.002361444794,NA,"female",4,"Clinical-MOR","11312/c-00034324-1","Gillam"
"636",10208,"eng","2002-02-22","Gillam/Normal/9f/9y46161v.xml",83,5482,111.002279307583,NA,"female",4,"Clinical-MOR","11312/c-00034325-1","Gillam"
"637",10209,"eng","2002-02-22","Gillam/Normal/9f/9y46168v.xml",83,5482,108.002217704676,NA,"female",4,"Clinical-MOR","11312/c-00034326-1","Gillam"
"638",10210,"eng","2002-04-22","Gillam/Normal/9f/9y46723nj.xml",83,5482,108.002217704676,NA,"female",4,"Clinical-MOR","11312/c-00034327-1","Gillam"
"639",10211,"eng","2002-03-20","Gillam/Normal/9f/9y46803ca.xml",83,5482,111.002279307583,NA,"female",4,"Clinical-MOR","11312/c-00034328-1","Gillam"
"640",10212,"eng","2002-03-22","Gillam/Normal/9f/9y46805ca.xml",83,5482,113.002320376188,NA,"female",4,"Clinical-MOR","11312/c-00034329-1","Gillam"
"641",10213,"eng","2002-03-20","Gillam/Normal/9f/9y46807ca.xml",83,5482,113.002320376188,NA,"female",4,"Clinical-MOR","11312/c-00034330-1","Gillam"
"642",10214,"eng","2002-03-29","Gillam/Normal/9f/9y46819az.xml",83,5482,118.002423047701,NA,"female",4,"Clinical-MOR","11312/c-00034331-1","Gillam"
"643",10215,"eng","2002-03-16","Gillam/Normal/9f/9y46827ca.xml",83,5482,115.002361444794,NA,"female",4,"Clinical-MOR","11312/c-00034332-1","Gillam"
"644",10216,"eng","2002-03-10","Gillam/Normal/9f/9y46886ca.xml",83,5482,118.002423047701,NA,"female",4,"Clinical-MOR","11312/c-00034333-1","Gillam"
"645",10217,"eng","2002-12-03","Gillam/Normal/9f/9y54977ks.xml",83,5482,109.002238238978,NA,"female",4,"Clinical-MOR","11312/c-00034334-1","Gillam"
"646",10218,"eng","2003-12-09","Gillam/Normal/9f/9y54978ks.xml",83,5482,126.002587322122,NA,"female",4,"Clinical-MOR","11312/c-00034335-1","Gillam"
"647",10219,"eng","2002-04-23","Gillam/Normal/9m/09y39561oh.xml",83,5482,117.002402513399,NA,"female",4,"Clinical-MOR","11312/c-00034336-1","Gillam"
"648",10220,"eng","2002-05-01","Gillam/Normal/9m/09y46672nj.xml",83,5482,112.002299841886,NA,"female",4,"Clinical-MOR","11312/c-00034337-1","Gillam"
"649",10221,"eng","2002-05-01","Gillam/Normal/9m/09y46743nj.xml",83,5482,111.002279307583,NA,"female",4,"Clinical-MOR","11312/c-00034338-1","Gillam"
"650",10222,"eng","2002-01-10","Gillam/Normal/9m/9y28883tx.xml",83,5482,111.002279307583,NA,"female",4,"Clinical-MOR","11312/c-00034339-1","Gillam"
"651",10223,"eng","2001-12-05","Gillam/Normal/9m/9y31220tx.xml",83,5482,111.002279307583,NA,"female",4,"Clinical-MOR","11312/c-00034340-1","Gillam"
"652",10224,"eng","2002-12-13","Gillam/Normal/9m/9y39320ks.xml",83,5482,115.002361444794,NA,"female",4,"Clinical-MOR","11312/c-00034341-1","Gillam"
"653",10225,"eng","2002-11-26","Gillam/Normal/9m/9y39351ks.xml",83,5482,110.002258773281,NA,"female",4,"Clinical-MOR","11312/c-00034342-1","Gillam"
"654",10226,"eng","2002-11-26","Gillam/Normal/9m/9y39408ks.xml",83,5482,112.002299841886,NA,"female",4,"Clinical-MOR","11312/c-00034343-1","Gillam"
"655",10227,"eng","2002-03-27","Gillam/Normal/9m/9y41618md.xml",83,5482,108.002217704676,NA,"female",4,"Clinical-MOR","11312/c-00034344-1","Gillam"
"656",10228,"eng","2002-01-27","Gillam/Normal/9m/9y41704il.xml",83,5482,114.002340910491,NA,"female",4,"Clinical-MOR","11312/c-00034345-1","Gillam"
"657",10229,"eng","2002-03-14","Gillam/Normal/9m/9y41753me.xml",83,5482,109.002238238978,NA,"female",4,"Clinical-MOR","11312/c-00034346-1","Gillam"
"658",10230,"eng","2002-02-22","Gillam/Normal/9m/9y46164v.xml",83,5482,111.002279307583,NA,"female",4,"Clinical-MOR","11312/c-00034347-1","Gillam"
"659",10231,"eng","2002-03-20","Gillam/Normal/9m/9y46778ca.xml",83,5482,118.002423047701,NA,"female",4,"Clinical-MOR","11312/c-00034348-1","Gillam"
"660",10232,"eng","2002-03-11","Gillam/Normal/9m/9y46800ca.xml",83,5482,112.002299841886,NA,"female",4,"Clinical-MOR","11312/c-00034349-1","Gillam"
"661",10233,"eng","2002-03-07","Gillam/Normal/9m/9y46811ca.xml",83,5482,119.002443582004,NA,"female",4,"Clinical-MOR","11312/c-00034350-1","Gillam"
"662",10234,"eng","1984-01-01","Gillam/Normal/9m/9y46828ca.xml",83,5482,108.002217704676,NA,"female",4,"Clinical-MOR","11312/c-00034351-1","Gillam"
"663",10235,"eng","1984-01-01","Gillam/Normal/9m/9y46832ca.xml",83,5482,108.002217704676,NA,"female",4,"Clinical-MOR","11312/c-00034352-1","Gillam"
"664",10236,"eng","2002-12-03","Gillam/Normal/9m/9y54974ks.xml",83,5482,108.002217704676,NA,"female",4,"Clinical-MOR","11312/c-00034353-1","Gillam"
"665",10237,"eng","2002-12-03","Gillam/Normal/9m/9y54975ks.xml",83,5482,109.002238238978,NA,"female",4,"Clinical-MOR","11312/c-00034354-1","Gillam"
"666",10238,"eng","2002-12-06","Gillam/Normal/9m/9y54979ks.xml",83,5482,119.002443582004,NA,"female",4,"Clinical-MOR","11312/c-00034355-1","Gillam"
"667",10239,"eng","2002-12-10","Gillam/Normal/9m/9y54984ks.xml",83,5482,112.002299841886,NA,"female",4,"Clinical-MOR","11312/c-00034356-1","Gillam"
"668",10240,"eng","2002-12-06","Gillam/Normal/9m/9y54994ks.xml",83,5482,108.002217704676,NA,"female",4,"Clinical-MOR","11312/c-00034357-1","Gillam"
